dataset,threads,backend,kind,phase,samples,mean_ms,median_ms,cv_pct
ER_V20000_D8,16,CSC-control,wall,native_call_and_free,12,6.226995,6.2178815,0.6521095363496119
ER_V20000_D8,16,CSC-control,wall,total,12,6.227299583333333,6.2182325,0.6521515656595182
ER_V20000_D8,16,CSC-profile,wall,lookup_build,12,3.6e-05,4e-05,13.655445559030214
ER_V20000_D8,16,CSC-profile,wall,numeric,12,3.6452102500000003,3.646945,0.2776387241314398
ER_V20000_D8,16,CSC-profile,wall,output_allocate,12,1.0722743333333333,1.075042,9.52690006630278
ER_V20000_D8,16,CSC-profile,wall,output_free,12,0.0008247500000000001,0.0007815000000000001,20.772052736381564
ER_V20000_D8,16,CSC-profile,wall,prefix_numeric_capacity,12,0.03960333333333334,0.022978499999999995,135.2701635147822
ER_V20000_D8,16,CSC-profile,wall,return_cleanup,12,0.001245,0.001423,29.64827534371083
ER_V20000_D8,16,CSC-profile,wall,scratch_setup,12,0.05975041666666667,0.0565735,30.570157704233797
ER_V20000_D8,16,CSC-profile,wall,symbolic,12,1.1252801666666665,1.1159504999999998,2.0881366877053447
ER_V20000_D8,16,CSC-profile,wall,symbolic_capacity,12,0.12941324999999998,0.12894700000000003,1.5006940140857128
ER_V20000_D8,16,CSC-profile,wall,total,12,6.125169333333333,6.1534575,2.2524423794014647
ER_V20000_D8,16,CSC-profile,wall,validate,12,0.0006235,0.0006515000000000001,22.63109325437099
ER_V20000_D8,16,CSC-profile,wall,work_bound,12,0.05084,0.04924499999999999,10.55585937734015
ER_V20000_D8,16,CombBLAS-control,wall,native_call_and_free,12,7.726318166666667,7.7213899999999995,0.29689559208439964
ER_V20000_D8,16,CombBLAS-control,wall,total,12,7.726757416666667,7.721901,0.2976129770858322
ER_V20000_D8,16,CombBLAS-conversion,wall,dcsc_free,12,0.0025550833333333333,0.0025605000000000003,7.934471536999629
ER_V20000_D8,16,CombBLAS-conversion,wall,native_call,12,7.323331166666667,7.096286999999999,4.291253284375222
ER_V20000_D8,16,CombBLAS-conversion,wall,output_free,12,0.00077075,0.000737,11.157601570180137
ER_V20000_D8,16,CombBLAS-conversion,wall,total,12,13.371728583333335,13.159230500000001,2.2141412037068817
ER_V20000_D8,16,CombBLAS-conversion,wall,tuple_to_dcsc,12,6.0450115,6.0470185,0.5930355998869004
ER_V20000_D8,16,CombBLAS-profile,wall,internal_cleanup,12,0.002812583333333333,0.00287,12.26379919240452
ER_V20000_D8,16,CombBLAS-profile,wall,lookup_build,12,0.04195691666666667,0.040848,12.198099994844114
ER_V20000_D8,16,CombBLAS-profile,wall,numeric,12,4.086633916666667,4.0845199999999995,0.3818479269578357
ER_V20000_D8,16,CombBLAS-profile,wall,numeric_scratch_setup,12,0.16598658333333335,0.16610799999999998,3.182443660633227
ER_V20000_D8,16,CombBLAS-profile,wall,output_allocate,12,1.9116886666666666,1.8954410000000002,2.48904917880895
ER_V20000_D8,16,CombBLAS-profile,wall,output_free,12,0.0005200833333333333,0.0004905,35.12913643963872
ER_V20000_D8,16,CombBLAS-profile,wall,output_prefix,12,0.012819583333333334,0.0123385,9.182716650077849
ER_V20000_D8,16,CombBLAS-profile,wall,return_cleanup,12,0.0022871666666666665,0.00232,11.182063551902372
ER_V20000_D8,16,CombBLAS-profile,wall,symbolic,12,1.31640225,1.3135044999999999,4.132137386123933
ER_V20000_D8,16,CombBLAS-profile,wall,thread_setup,12,0.00549975,0.0054255,10.317720647418904
ER_V20000_D8,16,CombBLAS-profile,wall,total,12,7.831471583333332,7.823622,0.94844280130372
ER_V20000_D8,16,CombBLAS-profile,wall,work_bound,12,0.2709783333333333,0.273244,2.4899804929077005
ER_V20000_D8,16,CombBLAS-profile,wall,work_prefix,12,0.013823916666666667,0.013550999999999999,7.311945465864319
ER_V20000_D8,16,CombBLAS-sampled,sampled_worker,alloc_init,12,1.507878749999998,1.507119499999998,0.28150669147339524
ER_V20000_D8,16,CombBLAS-sampled,sampled_worker,compact,12,3.207342749999999,3.2059464999999996,0.3364693134063272
ER_V20000_D8,16,CombBLAS-sampled,sampled_worker,lookup,12,1.959930999999998,1.9591719999999981,0.2532386719094682
ER_V20000_D8,16,CombBLAS-sampled,sampled_worker,lookup_multiply_hash,12,9.092762166666665,9.0887575,0.3624134435329173
ER_V20000_D8,16,CombBLAS-sampled,sampled_worker,scratch_free,12,0.5961933333333338,0.5962710000000004,0.4914994859047279
ER_V20000_D8,16,CombBLAS-sampled,sampled_worker,sort,12,14.73697325,14.736016000000005,0.18077192264343853
ER_V20000_D8,16,CombBLAS-sampled,sampled_worker,write,12,1.610937666666666,1.6127384999999996,1.38706615666526
ER_V20000_D8,16,CombBLAS-sampled,wall,internal_cleanup,12,0.0025191666666666665,0.00264,21.918016797848868
ER_V20000_D8,16,CombBLAS-sampled,wall,lookup_build,12,0.04434833333333333,0.0397615,20.540210223184282
ER_V20000_D8,16,CombBLAS-sampled,wall,numeric,12,4.210279,4.2087125,0.5241439621735545
ER_V20000_D8,16,CombBLAS-sampled,wall,numeric_scratch_setup,12,0.16244733333333333,0.1618905,2.3826808947773443
ER_V20000_D8,16,CombBLAS-sampled,wall,output_allocate,12,1.9277400833333334,1.9087515,4.473570964459681
ER_V20000_D8,16,CombBLAS-sampled,wall,output_free,12,0.00047108333333333334,0.00048149999999999994,22.59217170672855
ER_V20000_D8,16,CombBLAS-sampled,wall,output_prefix,12,0.010951166666666666,0.011186499999999999,10.672166937243842
ER_V20000_D8,16,CombBLAS-sampled,wall,return_cleanup,12,0.0024160833333333335,0.002419,8.348548905356084
ER_V20000_D8,16,CombBLAS-sampled,wall,symbolic,12,1.28725325,1.2731119999999998,4.060841305829241
ER_V20000_D8,16,CombBLAS-sampled,wall,thread_setup,12,0.007739,0.0075699999999999995,28.312393704752004
ER_V20000_D8,16,CombBLAS-sampled,wall,total,12,7.921302916666666,7.9106985000000005,1.1364740349702094
ER_V20000_D8,16,CombBLAS-sampled,wall,work_bound,12,0.2535188333333333,0.257138,6.939903815448364
ER_V20000_D8,16,CombBLAS-sampled,wall,work_prefix,12,0.011555416666666667,0.0113065,21.61000682521754
ER_V20000_D8,16,DCSC-control,wall,native_call_and_free,12,6.1277238333333335,6.1377885,1.7982197240926485
ER_V20000_D8,16,DCSC-control,wall,total,12,6.128004333333333,6.1380785,1.797861807981005
ER_V20000_D8,16,DCSC-dense-lookup,wall,native_call_and_free,12,6.159721583333333,6.111653499999999,2.839576366603085
ER_V20000_D8,16,DCSC-dense-lookup,wall,total,12,6.160193250000001,6.1122185,2.8398206553446728
ER_V20000_D8,16,DCSC-dense-static,wall,native_call_and_free,12,6.053035416666667,6.036573999999999,1.82083982000605
ER_V20000_D8,16,DCSC-dense-static,wall,total,12,6.05344125,6.037014999999999,1.8205317654575235
ER_V20000_D8,16,DCSC-profile,wall,lookup_build,12,0.00028058333333333337,0.0002755,44.81571118752808
ER_V20000_D8,16,DCSC-profile,wall,numeric,12,3.6502080833333332,3.6517440000000003,0.26054460439445026
ER_V20000_D8,16,DCSC-profile,wall,output_allocate,12,1.1186213333333335,1.202742,10.215274116552939
ER_V20000_D8,16,DCSC-profile,wall,output_free,12,0.0008350833333333334,0.000842,14.96652682114959
ER_V20000_D8,16,DCSC-profile,wall,prefix_numeric_capacity,12,0.023937666666666666,0.0234795,7.355846663551018
ER_V20000_D8,16,DCSC-profile,wall,return_cleanup,12,0.0014544166666666668,0.0015029999999999998,20.74990416827998
ER_V20000_D8,16,DCSC-profile,wall,scratch_setup,12,0.062489833333333335,0.06511,31.9500159905604
ER_V20000_D8,16,DCSC-profile,wall,symbolic,12,1.0783835,1.0827319999999998,1.7934581666958016
ER_V20000_D8,16,DCSC-profile,wall,symbolic_capacity,12,0.1359949166666667,0.13284,4.828615985657194
ER_V20000_D8,16,DCSC-profile,wall,total,12,6.126925333333333,6.1986845,2.4768453445077583
ER_V20000_D8,16,DCSC-profile,wall,validate,12,0.0005420833333333333,0.00047599999999999997,16.744708921354192
ER_V20000_D8,16,DCSC-profile,wall,work_bound,12,0.054103,0.054184,6.5739873621370695
ER_V20000_D8,16,DCSC-sampled,sampled_worker,alloc_init,12,1.1099868333333331,1.1088075,0.7422030211365093
ER_V20000_D8,16,DCSC-sampled,sampled_worker,compact,12,3.0739838333333322,3.072524499999999,0.31594894338059926
ER_V20000_D8,16,DCSC-sampled,sampled_worker,lookup,12,0.0,0.0,0
ER_V20000_D8,16,DCSC-sampled,sampled_worker,lookup_multiply_hash,12,9.783905749999999,9.795143999999999,0.3456231856033223
ER_V20000_D8,16,DCSC-sampled,sampled_worker,scratch_free,12,0.6138432500000004,0.6109470000000005,0.9721854101184968
ER_V20000_D8,16,DCSC-sampled,sampled_worker,sort,12,14.783855333333333,14.774953,0.20532569889143862
ER_V20000_D8,16,DCSC-sampled,sampled_worker,write,12,1.0824834166666661,1.0824949999999998,0.9197550599232402
ER_V20000_D8,16,DCSC-sampled,wall,lookup_build,12,0.00020533333333333333,0.00023549999999999998,57.64175842260181
ER_V20000_D8,16,DCSC-sampled,wall,numeric,12,3.7988215833333334,3.797669,0.22185085289011242
ER_V20000_D8,16,DCSC-sampled,wall,output_allocate,12,0.9913215000000001,0.9950684999999999,1.2469078886828704
ER_V20000_D8,16,DCSC-sampled,wall,output_free,12,0.0009194166666666667,0.000912,27.962324890747304
ER_V20000_D8,16,DCSC-sampled,wall,prefix_numeric_capacity,12,0.024098833333333333,0.02346,6.14128871483586
ER_V20000_D8,16,DCSC-sampled,wall,return_cleanup,12,0.0014475833333333335,0.0014280000000000002,29.656960950736906
ER_V20000_D8,16,DCSC-sampled,wall,scratch_setup,12,0.042619833333333336,0.0428365,2.0332118052949886
ER_V20000_D8,16,DCSC-sampled,wall,symbolic,12,1.0690796666666667,1.0661949999999998,1.0494841533657213
ER_V20000_D8,16,DCSC-sampled,wall,symbolic_capacity,12,0.13438708333333335,0.1330705,2.620583406172209
ER_V20000_D8,16,DCSC-sampled,wall,total,12,6.1155108333333335,6.1199335,0.3187214083896358
ER_V20000_D8,16,DCSC-sampled,wall,validate,12,0.0006105833333333333,0.0006515000000000001,21.56353818128548
ER_V20000_D8,16,DCSC-sampled,wall,work_bound,12,0.051933,0.052055000000000004,2.1040980126858266
ER_V20000_D8,16,DCSC-static,wall,native_call_and_free,12,6.025510083333334,6.050816,0.9806057087607147
ER_V20000_D8,16,DCSC-static,wall,total,12,6.026001,6.051432500000001,0.9809486508976881
ER_V20000_D8,16,Tuples-control,wall,native_call_and_free,12,6.64461275,6.6597945,1.4285841709656448
ER_V20000_D8,16,Tuples-control,wall,total,12,6.645063583333333,6.6602,1.4279759427532877
ER_V20000_D8,16,Tuples-profile,wall,lookup_build,12,0.0002446666666666667,0.00024050000000000002,65.92984979699386
ER_V20000_D8,16,Tuples-profile,wall,numeric,12,3.6842135000000003,3.6865715000000003,0.2584426665005285
ER_V20000_D8,16,Tuples-profile,wall,output_allocate,12,1.804643,1.802152,4.282061790650448
ER_V20000_D8,16,Tuples-profile,wall,output_free,12,0.0002621666666666667,0.00025100000000000003,38.46521605047753
ER_V20000_D8,16,Tuples-profile,wall,prefix_numeric_capacity,12,0.023644666666666668,0.022688499999999997,9.267627486369792
ER_V20000_D8,16,Tuples-profile,wall,return_cleanup,12,0.00129475,0.001282,21.11187277674222
ER_V20000_D8,16,Tuples-profile,wall,scratch_setup,12,0.0690925,0.0657215,15.989745272471033
ER_V20000_D8,16,Tuples-profile,wall,symbolic,12,1.0715485833333334,1.0702575,0.6405689420201028
ER_V20000_D8,16,Tuples-profile,wall,symbolic_capacity,12,0.13444033333333333,0.13161299999999998,4.4795639998128305
ER_V20000_D8,16,Tuples-profile,wall,total,12,6.835073583333333,6.831554,1.205760041529895
ER_V20000_D8,16,Tuples-profile,wall,validate,12,0.00044166666666666665,0.000441,34.76145633549628
ER_V20000_D8,16,Tuples-profile,wall,work_bound,12,0.04518516666666667,0.0464695,5.007767192503872
ER_V20000_D8,128,CSC-control,wall,native_call_and_free,12,4.119609333333333,4.112042499999999,2.695267658005135
ER_V20000_D8,128,CSC-control,wall,total,12,4.119832166666667,4.1122125,2.695985572219623
ER_V20000_D8,128,CSC-profile,wall,lookup_build,12,3.5000000000000004e-05,3.55e-05,14.333254231707059
ER_V20000_D8,128,CSC-profile,wall,numeric,12,1.0918631666666667,1.0911925,1.8019523703812643
ER_V20000_D8,128,CSC-profile,wall,output_allocate,12,1.9295571666666667,1.8961725,20.023777202105443
ER_V20000_D8,128,CSC-profile,wall,output_free,12,0.00081425,0.000747,29.003500910775706
ER_V20000_D8,128,CSC-profile,wall,prefix_numeric_capacity,12,0.09642425,0.09239750000000001,10.686362007228384
ER_V20000_D8,128,CSC-profile,wall,return_cleanup,12,0.0010211666666666668,0.001022,29.261255705141256
ER_V20000_D8,128,CSC-profile,wall,scratch_setup,12,0.06921783333333334,0.07661199999999999,25.98887089020415
ER_V20000_D8,128,CSC-profile,wall,symbolic,12,0.2748003333333333,0.2719765,3.1928750392354543
ER_V20000_D8,128,CSC-profile,wall,symbolic_capacity,12,0.13386925,0.1294235,6.007592883433699
ER_V20000_D8,128,CSC-profile,wall,total,12,3.8567278333333332,3.8654299999999995,10.298298684573695
ER_V20000_D8,128,CSC-profile,wall,validate,12,0.0005225833333333333,0.000476,35.19153074089429
ER_V20000_D8,128,CSC-profile,wall,work_bound,12,0.25852916666666664,0.2594625,3.132415978511121
ER_V20000_D8,128,CombBLAS-control,wall,native_call_and_free,12,7.4599545,7.4326565,2.0766219551204483
ER_V20000_D8,128,CombBLAS-control,wall,total,12,7.4605375,7.4331785,2.075642211236162
ER_V20000_D8,128,CombBLAS-conversion,wall,dcsc_free,12,0.0021483333333333333,0.00214,7.19886939420636
ER_V20000_D8,128,CombBLAS-conversion,wall,native_call,12,5.7020515,4.4428575,27.246660217431277
ER_V20000_D8,128,CombBLAS-conversion,wall,output_free,12,0.0010236666666666666,0.001067,9.669252863107287
ER_V20000_D8,128,CombBLAS-conversion,wall,total,12,12.284846833333333,11.029630499999998,13.054173857444061
ER_V20000_D8,128,CombBLAS-conversion,wall,tuple_to_dcsc,12,6.579561916666666,6.577340500000001,1.1538821966815294
ER_V20000_D8,128,CombBLAS-profile,wall,internal_cleanup,12,0.002785416666666667,0.0027105,19.003591586663564
ER_V20000_D8,128,CombBLAS-profile,wall,lookup_build,12,0.044406,0.04133900000000001,17.511400277042785
ER_V20000_D8,128,CombBLAS-profile,wall,numeric,12,1.2768539166666668,1.2736729999999998,3.0676815872242553
ER_V20000_D8,128,CombBLAS-profile,wall,numeric_scratch_setup,12,0.19501733333333335,0.1895135,6.808933868485425
ER_V20000_D8,128,CombBLAS-profile,wall,output_allocate,12,4.77601025,4.723415,2.858515076849001
ER_V20000_D8,128,CombBLAS-profile,wall,output_free,12,0.0007631666666666667,0.0007215,26.12374068406474
ER_V20000_D8,128,CombBLAS-profile,wall,output_prefix,12,0.0583645,0.058331999999999995,1.3190628483383982
ER_V20000_D8,128,CombBLAS-profile,wall,return_cleanup,12,0.022445833333333335,0.022168,4.200471486428874
ER_V20000_D8,128,CombBLAS-profile,wall,symbolic,12,0.4544998333333334,0.45889,10.066595295116628
ER_V20000_D8,128,CombBLAS-profile,wall,thread_setup,12,0.04573708333333334,0.042211,18.771167693184584
ER_V20000_D8,128,CombBLAS-profile,wall,total,12,7.249113833333333,7.239120499999999,2.464802811213013
ER_V20000_D8,128,CombBLAS-profile,wall,work_bound,12,0.3117169166666666,0.2970095,10.354067729320633
ER_V20000_D8,128,CombBLAS-profile,wall,work_prefix,12,0.06042533333333333,0.057765500000000004,10.646185582845375
ER_V20000_D8,128,CombBLAS-sampled,sampled_worker,alloc_init,12,1.8328801666666674,1.824579500000001,6.130187415872099
ER_V20000_D8,128,CombBLAS-sampled,sampled_worker,compact,12,3.2088171666666665,3.2017815,0.5904679505834515
ER_V20000_D8,128,CombBLAS-sampled,sampled_worker,lookup,12,12.506384083333334,12.160306499999999,6.1061509442629855
ER_V20000_D8,128,CombBLAS-sampled,sampled_worker,lookup_multiply_hash,12,9.03455525,9.043681999999997,0.609272711956163
ER_V20000_D8,128,CombBLAS-sampled,sampled_worker,scratch_free,12,3.3710933333333326,3.3645104999999997,3.760603753216568
ER_V20000_D8,128,CombBLAS-sampled,sampled_worker,sort,12,14.37350625,14.3586535,0.7741948585412265
ER_V20000_D8,128,CombBLAS-sampled,sampled_worker,write,12,10.040161000000001,10.0393935,4.68095235782577
ER_V20000_D8,128,CombBLAS-sampled,wall,internal_cleanup,12,0.0026173333333333335,0.002785,20.41507160354274
ER_V20000_D8,128,CombBLAS-sampled,wall,lookup_build,12,0.03150308333333333,0.030589,44.48621787743391
ER_V20000_D8,128,CombBLAS-sampled,wall,numeric,12,1.3253865833333331,1.325698,5.225852236263325
ER_V20000_D8,128,CombBLAS-sampled,wall,numeric_scratch_setup,12,0.19505158333333333,0.1911665,4.48467720449264
ER_V20000_D8,128,CombBLAS-sampled,wall,output_allocate,12,3.3784375,3.3834395,41.22987337710973
ER_V20000_D8,128,CombBLAS-sampled,wall,output_free,12,0.0006211666666666667,0.0006364999999999999,13.770592110225177
ER_V20000_D8,128,CombBLAS-sampled,wall,output_prefix,12,0.058924833333333336,0.056844,11.61438539798524
ER_V20000_D8,128,CombBLAS-sampled,wall,return_cleanup,12,0.0225225,0.022584,3.473953079287043
ER_V20000_D8,128,CombBLAS-sampled,wall,symbolic,12,0.4422590833333333,0.4331765,8.429677077794919
ER_V20000_D8,128,CombBLAS-sampled,wall,thread_setup,12,0.05414716666666667,0.0577255,22.282477685828685
ER_V20000_D8,128,CombBLAS-sampled,wall,total,12,5.84881875,5.8718225,23.109637826956565
ER_V20000_D8,128,CombBLAS-sampled,wall,work_bound,12,0.28088274999999996,0.2819655,4.606677663088974
ER_V20000_D8,128,CombBLAS-sampled,wall,work_prefix,12,0.05640241666666666,0.057215,5.0888523196499715
ER_V20000_D8,128,DCSC-control,wall,native_call_and_free,12,3.94791,3.9193374999999997,12.117581426783492
ER_V20000_D8,128,DCSC-control,wall,total,12,3.948102,3.9195080000000004,12.116210612453322
ER_V20000_D8,128,DCSC-dense-lookup,wall,native_call_and_free,12,3.4088651666666667,3.3618585,9.08716254738197
ER_V20000_D8,128,DCSC-dense-lookup,wall,total,12,3.409164083333333,3.362219,9.082021658026225
ER_V20000_D8,128,DCSC-dense-static,wall,native_call_and_free,12,3.8739189166666668,3.7169695000000003,20.435221629731135
ER_V20000_D8,128,DCSC-dense-static,wall,total,12,3.8741887499999996,3.717341,20.432616482409305
ER_V20000_D8,128,DCSC-profile,wall,lookup_build,12,0.00020866666666666665,0.000205,76.26494879325115
ER_V20000_D8,128,DCSC-profile,wall,numeric,12,1.0471208333333333,1.0454455,1.4066594382244422
ER_V20000_D8,128,DCSC-profile,wall,output_allocate,12,2.033264083333333,2.2862000000000005,19.32123082794027
ER_V20000_D8,128,DCSC-profile,wall,output_free,12,0.0010220000000000001,0.001047,18.881497985605634
ER_V20000_D8,128,DCSC-profile,wall,prefix_numeric_capacity,12,0.0973435,0.09173100000000001,13.494748669410711
ER_V20000_D8,128,DCSC-profile,wall,return_cleanup,12,0.0009795833333333334,0.0008515,35.154329548110965
ER_V20000_D8,128,DCSC-profile,wall,scratch_setup,12,0.08057783333333333,0.08744800000000001,33.68935572072726
ER_V20000_D8,128,DCSC-profile,wall,symbolic,12,0.2724935,0.27011799999999997,3.144690372803756
ER_V20000_D8,128,DCSC-profile,wall,symbolic_capacity,12,0.13738175,0.1336215,5.560354799241704
ER_V20000_D8,128,DCSC-profile,wall,total,12,3.927743,4.218647,10.737036956419601
ER_V20000_D8,128,DCSC-profile,wall,validate,12,0.000455,0.00044050000000000003,27.84162314865252
ER_V20000_D8,128,DCSC-profile,wall,work_bound,12,0.25681775,0.25444300000000003,3.852568860247784
ER_V20000_D8,128,DCSC-sampled,sampled_worker,alloc_init,12,2.8391615833333326,2.866510499999999,4.387882376257866
ER_V20000_D8,128,DCSC-sampled,sampled_worker,compact,12,3.131132,3.1151390000000005,1.7336475728969438
ER_V20000_D8,128,DCSC-sampled,sampled_worker,lookup,12,0.0,0.0,0
ER_V20000_D8,128,DCSC-sampled,sampled_worker,lookup_multiply_hash,12,12.380784333333335,12.047724999999998,6.578453849555107
ER_V20000_D8,128,DCSC-sampled,sampled_worker,scratch_free,12,10.732871416666669,10.774037,2.7201327617847273
ER_V20000_D8,128,DCSC-sampled,sampled_worker,sort,12,14.888266666666665,14.859848999999999,0.4961055922652341
ER_V20000_D8,128,DCSC-sampled,sampled_worker,write,12,20.6534575,20.80785150000001,2.5744301241299357
ER_V20000_D8,128,DCSC-sampled,wall,lookup_build,12,0.00019458333333333334,0.0002205,55.44467463267614
ER_V20000_D8,128,DCSC-sampled,wall,numeric,12,1.0424185833333333,1.0422345000000002,1.2150195764802016
ER_V20000_D8,128,DCSC-sampled,wall,output_allocate,12,1.5789409166666666,1.579219,1.0794265216798489
ER_V20000_D8,128,DCSC-sampled,wall,output_free,12,0.0009035833333333333,0.000927,18.952700932529325
ER_V20000_D8,128,DCSC-sampled,wall,prefix_numeric_capacity,12,0.09627324999999999,0.0908745,13.631680384469767
ER_V20000_D8,128,DCSC-sampled,wall,return_cleanup,12,0.001093,0.001012,31.3188392949139
ER_V20000_D8,128,DCSC-sampled,wall,scratch_setup,12,0.050737333333333336,0.0485225,15.697337917843239
ER_V20000_D8,128,DCSC-sampled,wall,symbolic,12,0.2728991666666667,0.2709645,3.2531390242980844
ER_V20000_D8,128,DCSC-sampled,wall,symbolic_capacity,12,0.13657783333333334,0.134318,3.5339989610136135
ER_V20000_D8,128,DCSC-sampled,wall,total,12,3.432198333333333,3.4234315,1.0484284030242237
ER_V20000_D8,128,DCSC-sampled,wall,validate,12,0.00044350000000000005,0.00043599999999999997,38.37834521666393
ER_V20000_D8,128,DCSC-sampled,wall,work_bound,12,0.2516550833333333,0.2499345,3.282783310638409
ER_V20000_D8,128,DCSC-static,wall,native_call_and_free,12,3.601396166666667,3.7363415,7.0614800985766815
ER_V20000_D8,128,DCSC-static,wall,total,12,3.60165075,3.7367874999999997,7.0651601138149465
ER_V20000_D8,128,Tuples-control,wall,native_call_and_free,12,5.319135166666666,5.262945,22.780429026419423
ER_V20000_D8,128,Tuples-control,wall,total,12,5.3194825,5.2632205,22.777471642463762
ER_V20000_D8,128,Tuples-profile,wall,lookup_build,12,5.583333333333333e-05,4e-05,84.15316632245045
ER_V20000_D8,128,Tuples-profile,wall,numeric,12,1.140249,1.1358290000000002,4.0785400408101715
ER_V20000_D8,128,Tuples-profile,wall,output_allocate,12,4.5317355,4.40281,15.002722944262905
ER_V20000_D8,128,Tuples-profile,wall,output_free,12,0.00027216666666666665,0.0002805,37.83281330644389
ER_V20000_D8,128,Tuples-profile,wall,prefix_numeric_capacity,12,0.09942733333333333,0.091751,14.60897083688382
ER_V20000_D8,128,Tuples-profile,wall,return_cleanup,12,0.0010971666666666666,0.0010220000000000001,22.824267769504196
ER_V20000_D8,128,Tuples-profile,wall,scratch_setup,12,0.093946,0.0901575,10.20893088216029
ER_V20000_D8,128,Tuples-profile,wall,symbolic,12,0.2719901666666667,0.26832500000000004,3.2341218498550472
ER_V20000_D8,128,Tuples-profile,wall,symbolic_capacity,12,0.13811333333333334,0.13489900000000002,5.327270738990953
ER_V20000_D8,128,Tuples-profile,wall,total,12,6.5306464166666665,6.4151644999999995,11.049987933345886
ER_V20000_D8,128,Tuples-profile,wall,validate,12,0.0004140833333333333,0.00042050000000000003,33.8377047961439
ER_V20000_D8,128,Tuples-profile,wall,work_bound,12,0.2532849166666667,0.2513675,3.1561005127041586
amazon0312.mtx,16,CSC-control,wall,native_call_and_free,12,86.35928641666666,86.359402,0.09659691266013455
amazon0312.mtx,16,CSC-control,wall,total,12,86.35960675,86.359712,0.09657822829286998
amazon0312.mtx,16,CSC-profile,wall,lookup_build,12,3.675e-05,4e-05,13.008443999331947
amazon0312.mtx,16,CSC-profile,wall,numeric,12,52.315235666666666,52.314405,0.08817811547936089
amazon0312.mtx,16,CSC-profile,wall,output_allocate,12,12.046426166666667,12.047077999999999,0.1711217963459862
amazon0312.mtx,16,CSC-profile,wall,output_free,12,0.0012316666666666667,0.0012480000000000002,15.688684805481534
amazon0312.mtx,16,CSC-profile,wall,prefix_numeric_capacity,12,0.5431526666666666,0.5422155,1.9162610515552698
amazon0312.mtx,16,CSC-profile,wall,return_cleanup,12,0.0015745,0.0015929999999999998,13.347884228426809
amazon0312.mtx,16,CSC-profile,wall,scratch_setup,12,1.2359589166666667,1.2296684999999998,5.1957400233404085
amazon0312.mtx,16,CSC-profile,wall,symbolic,12,16.094151916666668,16.082267,0.25134274147024027
amazon0312.mtx,16,CSC-profile,wall,symbolic_capacity,12,3.2569849166666667,3.2608,0.5170529273816956
amazon0312.mtx,16,CSC-profile,wall,total,12,86.60570658333333,86.600384,0.0840701085996594
amazon0312.mtx,16,CSC-profile,wall,validate,12,0.0006519999999999999,0.000671,25.406168963578494
amazon0312.mtx,16,CSC-profile,wall,work_bound,12,1.1102395833333334,1.1133905,2.094721203025894
amazon0312.mtx,16,CombBLAS-control,wall,native_call_and_free,12,255.98228333333333,255.98405999999997,0.10825953548138428
amazon0312.mtx,16,CombBLAS-control,wall,total,12,255.98282766666668,255.98460649999998,0.10825434014645645
amazon0312.mtx,16,CombBLAS-conversion,wall,dcsc_free,12,0.00331725,0.003301,12.988603974630895
amazon0312.mtx,16,CombBLAS-conversion,wall,native_call,12,256.12852783333335,256.0984795,0.06390870210676393
amazon0312.mtx,16,CombBLAS-conversion,wall,output_free,12,0.0007840000000000001,0.0007465,14.232945086783644
amazon0312.mtx,16,CombBLAS-conversion,wall,total,12,310.97462125,311.0176555,0.06709125948185209
amazon0312.mtx,16,CombBLAS-conversion,wall,tuple_to_dcsc,12,54.84192858333333,54.869254500000004,0.2471825622590633
amazon0312.mtx,16,CombBLAS-profile,wall,internal_cleanup,12,0.0037464166666666666,0.003737,7.938543035051679
amazon0312.mtx,16,CombBLAS-profile,wall,lookup_build,12,0.31792675,0.31962850000000004,1.069407174124664
amazon0312.mtx,16,CombBLAS-profile,wall,numeric,12,176.9377315,176.991003,0.1065144264988262
amazon0312.mtx,16,CombBLAS-profile,wall,numeric_scratch_setup,12,3.9189536666666664,3.9154000000000004,3.8369678637475357
amazon0312.mtx,16,CombBLAS-profile,wall,output_allocate,12,18.287945666666666,18.265850999999998,0.3815770945765016
amazon0312.mtx,16,CombBLAS-profile,wall,output_free,12,0.0007120833333333333,0.0007264999999999999,15.226294363549364
amazon0312.mtx,16,CombBLAS-profile,wall,output_prefix,12,0.24228741666666664,0.24151350000000002,1.8050510696223943
amazon0312.mtx,16,CombBLAS-profile,wall,return_cleanup,12,0.003088333333333333,0.0030155000000000004,9.861980379167939
amazon0312.mtx,16,CombBLAS-profile,wall,symbolic,12,47.970730333333336,47.944993000000004,0.2748008987092692
amazon0312.mtx,16,CombBLAS-profile,wall,thread_setup,12,0.009726083333333333,0.0095935,7.425033743477389
amazon0312.mtx,16,CombBLAS-profile,wall,total,12,257.961078,257.996916,0.07778551800928526
amazon0312.mtx,16,CombBLAS-profile,wall,work_bound,12,10.09229725,10.064289,0.784347509939652
amazon0312.mtx,16,CombBLAS-profile,wall,work_prefix,12,0.17587316666666666,0.1794645,4.69695508584072
amazon0312.mtx,16,CombBLAS-sampled,sampled_worker,alloc_init,12,0.8837974999999999,0.8821994999999999,0.6854146131587904
amazon0312.mtx,16,CombBLAS-sampled,sampled_worker,compact,12,1.623672,1.6142974999999995,1.6344227730753411
amazon0312.mtx,16,CombBLAS-sampled,sampled_worker,lookup,12,2.1481979166666663,2.146588499999999,0.34083757805753667
amazon0312.mtx,16,CombBLAS-sampled,sampled_worker,lookup_multiply_hash,12,8.761156083333335,8.764156500000002,0.21519013091855638
amazon0312.mtx,16,CombBLAS-sampled,sampled_worker,scratch_free,12,0.40803824999999827,0.4071804999999983,1.0517532481119667
amazon0312.mtx,16,CombBLAS-sampled,sampled_worker,sort,12,6.964760416666666,6.956787000000001,0.3104884883919212
amazon0312.mtx,16,CombBLAS-sampled,sampled_worker,write,12,0.7611311666666668,0.760274,0.5588871955427863
amazon0312.mtx,16,CombBLAS-sampled,wall,internal_cleanup,12,0.0039636666666666666,0.0039025,7.23474134169475
amazon0312.mtx,16,CombBLAS-sampled,wall,lookup_build,12,0.48355833333333337,0.44235300000000005,38.55308885228051
amazon0312.mtx,16,CombBLAS-sampled,wall,numeric,12,177.11387008333332,177.08013350000002,0.1343407032628113
amazon0312.mtx,16,CombBLAS-sampled,wall,numeric_scratch_setup,12,3.9732050833333328,3.961834,4.117542252334923
amazon0312.mtx,16,CombBLAS-sampled,wall,output_allocate,12,18.269932999999998,18.270169,0.5629498415138984
amazon0312.mtx,16,CombBLAS-sampled,wall,output_free,12,0.0006496666666666667,0.0006460000000000001,15.369574156942447
amazon0312.mtx,16,CombBLAS-sampled,wall,output_prefix,12,0.22539808333333333,0.226199,6.435264118799335
amazon0312.mtx,16,CombBLAS-sampled,wall,return_cleanup,12,0.0029246666666666666,0.0029555,6.618197345761354
amazon0312.mtx,16,CombBLAS-sampled,wall,symbolic,12,47.87407116666667,47.886486,0.10038941940542835
amazon0312.mtx,16,CombBLAS-sampled,wall,thread_setup,12,0.011132166666666667,0.011632,13.962755861210557
amazon0312.mtx,16,CombBLAS-sampled,wall,total,12,258.245658,258.282834,0.14449367861949128
amazon0312.mtx,16,CombBLAS-sampled,wall,work_bound,12,10.106177166666667,10.093305,0.9684218485705646
amazon0312.mtx,16,CombBLAS-sampled,wall,work_prefix,12,0.18071083333333332,0.180732,3.829055721121369
amazon0312.mtx,16,DCSC-control,wall,native_call_and_free,12,88.63154408333334,88.65909799999999,0.1546192971659404
amazon0312.mtx,16,DCSC-control,wall,total,12,88.63191058333334,88.6594935,0.15463456165442863
amazon0312.mtx,16,DCSC-dense-lookup,wall,native_call_and_free,12,87.38848316666667,87.382444,0.07532529863335834
amazon0312.mtx,16,DCSC-dense-lookup,wall,total,12,87.38882366666667,87.38274500000001,0.07537802663370037
amazon0312.mtx,16,DCSC-dense-static,wall,native_call_and_free,12,225.21819916666666,225.198239,0.13575639600687817
amazon0312.mtx,16,DCSC-dense-static,wall,total,12,225.2185475,225.19867,0.13574810250896904
amazon0312.mtx,16,DCSC-profile,wall,lookup_build,12,0.00039875,0.00029,50.18015388708479
amazon0312.mtx,16,DCSC-profile,wall,numeric,12,52.437301166666664,52.436609,0.0853289609489191
amazon0312.mtx,16,DCSC-profile,wall,output_allocate,12,12.724670583333333,12.7274675,0.21803953174571028
amazon0312.mtx,16,DCSC-profile,wall,output_free,12,0.0015705833333333333,0.0015884999999999999,9.950980403210279
amazon0312.mtx,16,DCSC-profile,wall,prefix_numeric_capacity,12,0.5428787500000001,0.542836,2.430861426458728
amazon0312.mtx,16,DCSC-profile,wall,return_cleanup,12,0.0016657500000000001,0.001668,16.909663476690685
amazon0312.mtx,16,DCSC-profile,wall,scratch_setup,12,1.2345905,1.2364214999999998,3.571081832004823
amazon0312.mtx,16,DCSC-profile,wall,symbolic,12,16.079676666666668,16.080063,0.2277963498392806
amazon0312.mtx,16,DCSC-profile,wall,symbolic_capacity,12,3.3726133333333332,3.3160305,2.5145486103318215
amazon0312.mtx,16,DCSC-profile,wall,total,12,87.60372416666667,87.603769,0.09237276257097866
amazon0312.mtx,16,DCSC-profile,wall,validate,12,0.0005720833333333333,0.000571,18.10456684302361
amazon0312.mtx,16,DCSC-profile,wall,work_bound,12,1.207726,1.194091,4.426248264756263
amazon0312.mtx,16,DCSC-sampled,sampled_worker,alloc_init,12,0.6620255000000012,0.662531000000001,0.2960726600199724
amazon0312.mtx,16,DCSC-sampled,sampled_worker,compact,12,1.5802614999999982,1.5781679999999982,0.30720944486755514
amazon0312.mtx,16,DCSC-sampled,sampled_worker,lookup,12,0.0,0.0,0
amazon0312.mtx,16,DCSC-sampled,sampled_worker,lookup_multiply_hash,12,8.874170750000001,8.8723525,0.4024027994491429
amazon0312.mtx,16,DCSC-sampled,sampled_worker,scratch_free,12,0.41119783333333176,0.41044699999999845,1.002437276266018
amazon0312.mtx,16,DCSC-sampled,sampled_worker,sort,12,6.915150749999999,6.915732499999999,0.2416627681629524
amazon0312.mtx,16,DCSC-sampled,sampled_worker,write,12,0.7735795833333349,0.7729520000000016,0.8845766007321965
amazon0312.mtx,16,DCSC-sampled,wall,lookup_build,12,0.0002589166666666667,0.0002705,74.88633745335146
amazon0312.mtx,16,DCSC-sampled,wall,numeric,12,52.63304458333334,52.6435215,0.07329571947947475
amazon0312.mtx,16,DCSC-sampled,wall,output_allocate,12,12.734999083333333,12.7162605,0.5075004408253261
amazon0312.mtx,16,DCSC-sampled,wall,output_free,12,0.0017308333333333334,0.001698,8.824549681913854
amazon0312.mtx,16,DCSC-sampled,wall,prefix_numeric_capacity,12,0.5530945833333333,0.553251,2.1724493795738
amazon0312.mtx,16,DCSC-sampled,wall,return_cleanup,12,0.00188525,0.0019089999999999999,11.736937833603527
amazon0312.mtx,16,DCSC-sampled,wall,scratch_setup,12,1.1929471666666667,1.2011085,2.311327656983963
amazon0312.mtx,16,DCSC-sampled,wall,symbolic,12,16.116571666666665,16.116799,0.19053721141584526
amazon0312.mtx,16,DCSC-sampled,wall,symbolic_capacity,12,3.3222590833333334,3.3054205,1.5614007945124868
amazon0312.mtx,16,DCSC-sampled,wall,total,12,87.7562585,87.7420285,0.08260733030570819
amazon0312.mtx,16,DCSC-sampled,wall,validate,12,0.0006670833333333333,0.000671,9.886897498125652
amazon0312.mtx,16,DCSC-sampled,wall,work_bound,12,1.1987402500000002,1.1969659999999998,0.43669656522023786
amazon0312.mtx,16,DCSC-static,wall,native_call_and_free,12,227.37560916666666,227.3125205,0.14719168312475894
amazon0312.mtx,16,DCSC-static,wall,total,12,227.37596758333333,227.312846,0.14719158793886483
amazon0312.mtx,16,Tuples-control,wall,native_call_and_free,12,93.776471,93.8036705,0.14894840176701707
amazon0312.mtx,16,Tuples-control,wall,total,12,93.7770555,93.80419649999999,0.14893916438923815
amazon0312.mtx,16,Tuples-profile,wall,lookup_build,12,0.0002654166666666667,0.00028549999999999995,58.88820222120644
amazon0312.mtx,16,Tuples-profile,wall,numeric,12,53.71097516666667,53.700103,0.08559006705126573
amazon0312.mtx,16,Tuples-profile,wall,output_allocate,12,18.3863735,18.365491499999997,0.5088388631852193
amazon0312.mtx,16,Tuples-profile,wall,output_free,12,0.0005068333333333333,0.00049,13.190797362765332
amazon0312.mtx,16,Tuples-profile,wall,prefix_numeric_capacity,12,0.5363524166666667,0.5370550000000001,2.8119805193380114
amazon0312.mtx,16,Tuples-profile,wall,return_cleanup,12,0.00166475,0.001578,17.51946951967597
amazon0312.mtx,16,Tuples-profile,wall,scratch_setup,12,1.2534752500000002,1.2377995000000002,4.8634182455774075
amazon0312.mtx,16,Tuples-profile,wall,symbolic,12,16.349793833333333,16.340723,0.6090241053064034
amazon0312.mtx,16,Tuples-profile,wall,symbolic_capacity,12,3.4012000000000002,3.372669,2.770325739376848
amazon0312.mtx,16,Tuples-profile,wall,total,12,94.71598966666667,94.68043300000001,0.16554630375598547
amazon0312.mtx,16,Tuples-profile,wall,validate,12,0.0005301666666666666,0.000596,31.963411388982905
amazon0312.mtx,16,Tuples-profile,wall,work_bound,12,1.0747879999999999,1.1514385,9.241826821044445
amazon0312.mtx,128,CSC-control,wall,native_call_and_free,12,55.007072916666665,54.6193455,1.2796334931800013
amazon0312.mtx,128,CSC-control,wall,total,12,55.007387666666666,54.6197665,1.2796677542454329
amazon0312.mtx,128,CSC-profile,wall,lookup_build,12,3.508333333333333e-05,3.5e-05,14.508767747340103
amazon0312.mtx,128,CSC-profile,wall,numeric,12,22.947647833333335,23.0474975,3.1974071616050903
amazon0312.mtx,128,CSC-profile,wall,output_allocate,12,15.562210916666666,15.530999999999999,9.530712407320943
amazon0312.mtx,128,CSC-profile,wall,output_free,12,0.00162975,0.001809,20.30251087024623
amazon0312.mtx,128,CSC-profile,wall,prefix_numeric_capacity,12,0.8520523333333333,0.8549395000000001,1.236932732827914
amazon0312.mtx,128,CSC-profile,wall,return_cleanup,12,0.0018960833333333332,0.0019684999999999998,13.610121729754457
amazon0312.mtx,128,CSC-profile,wall,scratch_setup,12,1.5541593333333334,1.5418724999999998,15.961587316903994
amazon0312.mtx,128,CSC-profile,wall,symbolic,12,7.108692,7.129019,0.9862377773952022
amazon0312.mtx,128,CSC-profile,wall,symbolic_capacity,12,3.2348655833333333,3.2328460000000003,0.6640164138896819
amazon0312.mtx,128,CSC-profile,wall,total,12,53.3548045,53.188917000000004,3.022165232126806
amazon0312.mtx,128,CSC-profile,wall,validate,12,0.0006878333333333333,0.000686,21.931787091497736
amazon0312.mtx,128,CSC-profile,wall,work_bound,12,2.090840666666667,2.073006,4.328024064387987
amazon0312.mtx,128,CombBLAS-control,wall,native_call_and_free,12,99.09168091666666,99.112167,0.5934001498432621
amazon0312.mtx,128,CombBLAS-control,wall,total,12,99.09225466666668,99.112869,0.593370850138545
amazon0312.mtx,128,CombBLAS-conversion,wall,dcsc_free,12,0.0030325,0.0029410000000000005,12.585830840248036
amazon0312.mtx,128,CombBLAS-conversion,wall,native_call,12,96.73622291666668,95.4298695,1.8510562107569466
amazon0312.mtx,128,CombBLAS-conversion,wall,output_free,12,0.000723,0.0007160000000000001,14.2701236351927
amazon0312.mtx,128,CombBLAS-conversion,wall,total,12,156.54051583333333,155.333577,1.1760324338517274
amazon0312.mtx,128,CombBLAS-conversion,wall,tuple_to_dcsc,12,59.80047633333333,59.842664500000005,0.3345989719722163
amazon0312.mtx,128,CombBLAS-profile,wall,internal_cleanup,12,0.00357675,0.003592,8.158872448196593
amazon0312.mtx,128,CombBLAS-profile,wall,lookup_build,12,0.8458899999999999,0.8789959999999999,18.479477656815593
amazon0312.mtx,128,CombBLAS-profile,wall,numeric,12,51.045544416666665,51.050516,0.37602456947250623
amazon0312.mtx,128,CombBLAS-profile,wall,numeric_scratch_setup,12,4.019519,3.9582625000000005,3.4635143334706275
amazon0312.mtx,128,CombBLAS-profile,wall,output_allocate,12,25.249445416666664,25.1208895,2.98082016508198
amazon0312.mtx,128,CombBLAS-profile,wall,output_free,12,0.0008966666666666666,0.0008315,30.016072494699834
amazon0312.mtx,128,CombBLAS-profile,wall,output_prefix,12,0.28663125,0.2856175,2.170382492954021
amazon0312.mtx,128,CombBLAS-profile,wall,return_cleanup,12,0.024982916666666667,0.0248125,2.654975597098514
amazon0312.mtx,128,CombBLAS-profile,wall,symbolic,12,14.019144500000001,13.999537499999999,0.45724191999919495
amazon0312.mtx,128,CombBLAS-profile,wall,thread_setup,12,0.056278833333333333,0.0564635,2.988957660699716
amazon0312.mtx,128,CombBLAS-profile,wall,total,12,100.23903758333333,100.228078,0.7902293749458571
amazon0312.mtx,128,CombBLAS-profile,wall,work_bound,12,4.421583583333334,4.3742555,3.4893682997231044
amazon0312.mtx,128,CombBLAS-profile,wall,work_prefix,12,0.26547841666666666,0.26516799999999996,2.756575478165201
amazon0312.mtx,128,CombBLAS-sampled,sampled_worker,alloc_init,12,0.9332099166666665,0.9276515,1.7675163950832316
amazon0312.mtx,128,CombBLAS-sampled,sampled_worker,compact,12,1.6188651666666667,1.6151105000000001,0.5769481369122605
amazon0312.mtx,128,CombBLAS-sampled,sampled_worker,lookup,12,4.984696083333332,4.957264999999997,8.231801296092081
amazon0312.mtx,128,CombBLAS-sampled,sampled_worker,lookup_multiply_hash,12,14.68497741666667,14.7259925,26.53584117368701
amazon0312.mtx,128,CombBLAS-sampled,sampled_worker,scratch_free,12,1.4004693333333322,1.3670109999999995,12.253675495302154
amazon0312.mtx,128,CombBLAS-sampled,sampled_worker,sort,12,6.996724416666667,6.997267999999997,0.5033580043431806
amazon0312.mtx,128,CombBLAS-sampled,sampled_worker,write,12,3.0169774166666663,2.9775079999999985,15.45254859376754
amazon0312.mtx,128,CombBLAS-sampled,wall,internal_cleanup,12,0.0035542499999999997,0.003637,10.213681396666223
amazon0312.mtx,128,CombBLAS-sampled,wall,lookup_build,12,0.9518366666666667,0.9194589999999999,8.774881415245293
amazon0312.mtx,128,CombBLAS-sampled,wall,numeric,12,50.887016,50.876081000000006,0.3909942428385704
amazon0312.mtx,128,CombBLAS-sampled,wall,numeric_scratch_setup,12,3.9385018333333335,3.9499415,3.444298736291384
amazon0312.mtx,128,CombBLAS-sampled,wall,output_allocate,12,22.33187566666667,22.29277,18.90354672793494
amazon0312.mtx,128,CombBLAS-sampled,wall,output_free,12,0.000854,0.0008359999999999999,19.058193945781348
amazon0312.mtx,128,CombBLAS-sampled,wall,output_prefix,12,0.190321,0.19856100000000002,47.7504952203855
amazon0312.mtx,128,CombBLAS-sampled,wall,return_cleanup,12,0.025227666666666666,0.025214,2.9147676063077057
amazon0312.mtx,128,CombBLAS-sampled,wall,symbolic,12,13.739392833333333,13.9029625,2.4529094865974006
amazon0312.mtx,128,CombBLAS-sampled,wall,thread_setup,12,0.07137766666666667,0.061472500000000006,44.3206333615052
amazon0312.mtx,128,CombBLAS-sampled,wall,total,12,96.20767925,96.261976,5.4096882126409485
amazon0312.mtx,128,CombBLAS-sampled,wall,work_bound,12,3.8729020000000003,3.932894,9.965474808893351
amazon0312.mtx,128,CombBLAS-sampled,wall,work_prefix,12,0.19475358333333334,0.1973385,36.34232689031203
amazon0312.mtx,128,DCSC-control,wall,native_call_and_free,12,54.043088833333336,54.7245575,2.1254351653866146
amazon0312.mtx,128,DCSC-control,wall,total,12,54.04337925,54.724919,2.125430396439006
amazon0312.mtx,128,DCSC-dense-lookup,wall,native_call_and_free,12,50.237594,49.9709005,4.425201261307612
amazon0312.mtx,128,DCSC-dense-lookup,wall,total,12,50.23788675,49.97117049999999,4.42522764379824
amazon0312.mtx,128,DCSC-dense-static,wall,native_call_and_free,12,82.02178341666666,81.98183049999999,1.9210232084138628
amazon0312.mtx,128,DCSC-dense-static,wall,total,12,82.02207116666666,81.9821005,1.921011307895077
amazon0312.mtx,128,DCSC-profile,wall,lookup_build,12,0.00027308333333333335,0.00026,20.11619951061561
amazon0312.mtx,128,DCSC-profile,wall,numeric,12,22.577229666666668,22.4087825,1.4198937074141493
amazon0312.mtx,128,DCSC-profile,wall,output_allocate,12,16.45481708333333,17.442396499999997,8.325895507826939
amazon0312.mtx,128,DCSC-profile,wall,output_free,12,0.0019378333333333333,0.0019284999999999999,10.597998457151347
amazon0312.mtx,128,DCSC-profile,wall,prefix_numeric_capacity,12,0.8677846666666666,0.8670935,1.5667398083887067
amazon0312.mtx,128,DCSC-profile,wall,return_cleanup,12,0.0019739166666666664,0.0020440000000000002,14.492317375477537
amazon0312.mtx,128,DCSC-profile,wall,scratch_setup,12,1.6123735,1.7605870000000001,15.651050485601623
amazon0312.mtx,128,DCSC-profile,wall,symbolic,12,6.979976333333334,7.002601500000001,2.5816246079600207
amazon0312.mtx,128,DCSC-profile,wall,symbolic_capacity,12,3.3176305,3.2985875,1.15697968290859
amazon0312.mtx,128,DCSC-profile,wall,total,12,53.959592666666666,54.865127,2.4244834540621985
amazon0312.mtx,128,DCSC-profile,wall,validate,12,0.0006585833333333333,0.000661,26.24812486048441
amazon0312.mtx,128,DCSC-profile,wall,work_bound,12,2.1448773333333335,2.0599659999999997,6.8882591483080216
amazon0312.mtx,128,DCSC-sampled,sampled_worker,alloc_init,12,1.5321646666666662,1.5319554999999991,3.291499794837273
amazon0312.mtx,128,DCSC-sampled,sampled_worker,compact,12,1.6132174166666668,1.6114260000000002,1.2463578336042271
amazon0312.mtx,128,DCSC-sampled,sampled_worker,lookup,12,0.0,0.0,0
amazon0312.mtx,128,DCSC-sampled,sampled_worker,lookup_multiply_hash,12,41.0629945,41.123913500000015,1.7263804208481726
amazon0312.mtx,128,DCSC-sampled,sampled_worker,scratch_free,12,2.1996466666666654,2.1637574999999987,5.113681166450853
amazon0312.mtx,128,DCSC-sampled,sampled_worker,sort,12,7.062866916666668,7.067401499999997,1.5596979885007363
amazon0312.mtx,128,DCSC-sampled,sampled_worker,write,12,4.682663333333334,4.637951500000001,6.69880941158931
amazon0312.mtx,128,DCSC-sampled,wall,lookup_build,12,0.00027058333333333334,0.000241,56.31404862312546
amazon0312.mtx,128,DCSC-sampled,wall,numeric,12,23.304233166666666,22.987127,2.320696183858675
amazon0312.mtx,128,DCSC-sampled,wall,output_allocate,12,14.805821,14.7948135,0.29207749831066604
amazon0312.mtx,128,DCSC-sampled,wall,output_free,12,0.0019586666666666667,0.0019690000000000003,10.670022017079448
amazon0312.mtx,128,DCSC-sampled,wall,prefix_numeric_capacity,12,0.8765446666666666,0.8683405,3.4630137695203205
amazon0312.mtx,128,DCSC-sampled,wall,return_cleanup,12,0.0018135833333333335,0.001759,15.06009646963484
amazon0312.mtx,128,DCSC-sampled,wall,scratch_setup,12,1.2878095,1.2741240000000003,2.011724932152709
amazon0312.mtx,128,DCSC-sampled,wall,symbolic,12,6.877927333333333,6.8161890000000005,2.0152269961444484
amazon0312.mtx,128,DCSC-sampled,wall,symbolic_capacity,12,3.32426225,3.321937,1.1295833441889545
amazon0312.mtx,128,DCSC-sampled,wall,total,12,52.685765583333335,52.6419925,1.0509349774274028
amazon0312.mtx,128,DCSC-sampled,wall,validate,12,0.0007336666666666666,0.000696,22.862437329530678
amazon0312.mtx,128,DCSC-sampled,wall,work_bound,12,2.2043263333333334,2.079714,8.097533778510533
amazon0312.mtx,128,DCSC-static,wall,native_call_and_free,12,82.93980991666666,83.9788105,1.9193115795025302
amazon0312.mtx,128,DCSC-static,wall,total,12,82.9401115,83.9791215,1.9192991777920239
amazon0312.mtx,128,Tuples-control,wall,native_call_and_free,12,60.23050216666667,60.026242,1.7283150690908122
amazon0312.mtx,128,Tuples-control,wall,total,12,60.231034666666666,60.0267325,1.7282992688024927
amazon0312.mtx,128,Tuples-profile,wall,lookup_build,12,0.0002774166666666667,0.00025100000000000003,44.36948801589536
amazon0312.mtx,128,Tuples-profile,wall,numeric,12,24.546416833333335,25.128854999999998,3.3666230261063532
amazon0312.mtx,128,Tuples-profile,wall,output_allocate,12,24.7940285,24.804748,1.5421555540632856
amazon0312.mtx,128,Tuples-profile,wall,output_free,12,0.0006570833333333333,0.0006209999999999999,15.18314897053305
amazon0312.mtx,128,Tuples-profile,wall,prefix_numeric_capacity,12,0.8619059166666667,0.8617885,1.5040301032035495
amazon0312.mtx,128,Tuples-profile,wall,return_cleanup,12,0.002109,0.0021695,11.55838224312531
amazon0312.mtx,128,Tuples-profile,wall,scratch_setup,12,1.8128281666666666,1.7937809999999998,2.9604124147350492
amazon0312.mtx,128,Tuples-profile,wall,symbolic,12,6.197240916666667,6.1176535,14.9137359970843
amazon0312.mtx,128,Tuples-profile,wall,symbolic_capacity,12,3.3097550833333336,3.304088,0.8100471727874742
amazon0312.mtx,128,Tuples-profile,wall,total,12,63.34135275,64.019426,2.4553497171934535
amazon0312.mtx,128,Tuples-profile,wall,validate,12,0.0006310833333333334,0.0006010000000000001,51.61374105731083
amazon0312.mtx,128,Tuples-profile,wall,work_bound,12,1.8154445833333333,1.8130425,10.281728946390874
cant.mtx,16,CSC-control,wall,native_call_and_free,12,127.64492191666665,127.55595650000001,0.23999965588853947
cant.mtx,16,CSC-control,wall,total,12,127.64541266666669,127.5562365,0.2400244659574148
cant.mtx,16,CSC-profile,wall,lookup_build,12,3.583333333333333e-05,4e-05,13.805415888051938
cant.mtx,16,CSC-profile,wall,numeric,12,84.41843425,84.43020600000001,0.1042287865329807
cant.mtx,16,CSC-profile,wall,output_allocate,12,14.180781249999999,14.175620499999999,0.49120224234436505
cant.mtx,16,CSC-profile,wall,output_free,12,0.0011996666666666668,0.0011719999999999999,14.338702436452019
cant.mtx,16,CSC-profile,wall,prefix_numeric_capacity,12,0.07286883333333334,0.07288950000000001,2.762718548931474
cant.mtx,16,CSC-profile,wall,return_cleanup,12,0.0014304166666666666,0.001433,16.410236967468425
cant.mtx,16,CSC-profile,wall,scratch_setup,12,0.13593891666666666,0.1353745,2.3960147370656064
cant.mtx,16,CSC-profile,wall,symbolic,12,29.610229833333335,29.6212865,0.4714067184831768
cant.mtx,16,CSC-profile,wall,symbolic_capacity,12,0.3881578333333333,0.38339,11.622317079629719
cant.mtx,16,CSC-profile,wall,total,12,129.74959641666666,129.641612,0.16259967442162282
cant.mtx,16,CSC-profile,wall,validate,12,0.0006898333333333333,0.0007015,19.382459266265137
cant.mtx,16,CSC-profile,wall,work_bound,12,0.9397669166666667,0.9340815,6.350872074079612
cant.mtx,16,CombBLAS-control,wall,native_call_and_free,12,128.0360235,128.0475035,0.22158522524908858
cant.mtx,16,CombBLAS-control,wall,total,12,128.03686616666664,128.048145,0.22160321397841073
cant.mtx,16,CombBLAS-conversion,wall,dcsc_free,12,0.0028235833333333333,0.00269,11.440520296599301
cant.mtx,16,CombBLAS-conversion,wall,native_call,12,127.97990841666667,127.91684349999998,0.20105071188184373
cant.mtx,16,CombBLAS-conversion,wall,output_free,12,0.0011555,0.0011825000000000002,29.639479407156276
cant.mtx,16,CombBLAS-conversion,wall,total,12,193.30938625,193.221099,0.1755577779079021
cant.mtx,16,CombBLAS-conversion,wall,tuple_to_dcsc,12,65.32543133333334,65.31116349999999,0.25327490672702674
cant.mtx,16,CombBLAS-profile,wall,internal_cleanup,12,0.003243083333333333,0.0031465000000000004,9.286552031329924
cant.mtx,16,CombBLAS-profile,wall,lookup_build,12,0.054214,0.051453500000000006,12.073932604544348
cant.mtx,16,CombBLAS-profile,wall,numeric,12,81.83130958333334,81.8057325,0.10867742417241069
cant.mtx,16,CombBLAS-profile,wall,numeric_scratch_setup,12,2.3865860833333334,2.3864325,1.2019440576778075
cant.mtx,16,CombBLAS-profile,wall,output_allocate,12,23.3279295,23.386217000000002,0.6653314771234946
cant.mtx,16,CombBLAS-profile,wall,output_free,12,0.0007173333333333333,0.000641,22.06483432069834
cant.mtx,16,CombBLAS-profile,wall,output_prefix,12,0.02131175,0.0207845,9.845972286725827
cant.mtx,16,CombBLAS-profile,wall,return_cleanup,12,0.0025155,0.0024995000000000004,2.6159160686978242
cant.mtx,16,CombBLAS-profile,wall,symbolic,12,24.4471515,24.382117500000003,0.6358183092861356
cant.mtx,16,CombBLAS-profile,wall,thread_setup,12,0.007801666666666667,0.0077245000000000005,6.034227939794478
cant.mtx,16,CombBLAS-profile,wall,total,12,134.20966941666669,134.174977,0.1728603651605754
cant.mtx,16,CombBLAS-profile,wall,work_bound,12,2.1011175,2.0930345000000004,0.6854384167207529
cant.mtx,16,CombBLAS-profile,wall,work_prefix,12,0.025711083333333332,0.025568999999999998,2.5984067336445595
cant.mtx,16,CombBLAS-sampled,sampled_worker,alloc_init,12,3.902658083333339,3.9004060000000065,0.4727049462478002
cant.mtx,16,CombBLAS-sampled,sampled_worker,compact,12,5.5959751666666655,5.5926255,0.6845317381989625
cant.mtx,16,CombBLAS-sampled,sampled_worker,lookup,12,5.1409375000000015,5.137968000000002,0.2884352443242125
cant.mtx,16,CombBLAS-sampled,sampled_worker,lookup_multiply_hash,12,121.55739025,121.514769,0.08444717139797252
cant.mtx,16,CombBLAS-sampled,sampled_worker,scratch_free,12,0.5057122500000021,0.504405000000002,0.9620175060796317
cant.mtx,16,CombBLAS-sampled,sampled_worker,sort,12,47.076933000000004,47.094357,0.14768004977611238
cant.mtx,16,CombBLAS-sampled,sampled_worker,write,12,3.50796875,3.4623609999999996,4.30062481616763
cant.mtx,16,CombBLAS-sampled,wall,internal_cleanup,12,0.0036078333333333336,0.0036475,9.227674531474198
cant.mtx,16,CombBLAS-sampled,wall,lookup_build,12,0.06058433333333334,0.062389499999999994,15.952138148223172
cant.mtx,16,CombBLAS-sampled,wall,numeric,12,82.10958583333333,82.0518195,0.2641988021221411
cant.mtx,16,CombBLAS-sampled,wall,numeric_scratch_setup,12,2.3898633333333335,2.365377,2.8791572723745924
cant.mtx,16,CombBLAS-sampled,wall,output_allocate,12,22.952996166666665,22.918379500000004,1.9881133801214903
cant.mtx,16,CombBLAS-sampled,wall,output_free,12,0.00070475,0.0007115,27.460493736704024
cant.mtx,16,CombBLAS-sampled,wall,output_prefix,12,0.018786,0.019828500000000002,40.04101813625386
cant.mtx,16,CombBLAS-sampled,wall,return_cleanup,12,0.0025815833333333333,0.0025450000000000004,5.267051258195285
cant.mtx,16,CombBLAS-sampled,wall,symbolic,12,24.456607083333335,24.464325000000002,0.42276750511219435
cant.mtx,16,CombBLAS-sampled,wall,thread_setup,12,0.00952675,0.009468,15.240841893250614
cant.mtx,16,CombBLAS-sampled,wall,total,12,134.12218525,134.188438,0.3400703897314897
cant.mtx,16,CombBLAS-sampled,wall,work_bound,12,2.0925770833333335,2.091847,0.2786935159964372
cant.mtx,16,CombBLAS-sampled,wall,work_prefix,12,0.024699833333333334,0.024622,4.2383071409562225
cant.mtx,16,DCSC-control,wall,native_call_and_free,12,125.02705283333334,125.00491699999999,0.19393246448061363
cant.mtx,16,DCSC-control,wall,total,12,125.02748291666666,125.00510849999999,0.1939559079149978
cant.mtx,16,DCSC-dense-lookup,wall,native_call_and_free,12,125.13995608333333,125.13973649999998,0.25603384647006033
cant.mtx,16,DCSC-dense-lookup,wall,total,12,125.14040874999999,125.14036750000001,0.2560413278112864
cant.mtx,16,DCSC-dense-static,wall,native_call_and_free,12,134.58281524999998,134.65270800000002,0.4574994798819612
cant.mtx,16,DCSC-dense-static,wall,total,12,134.58342883333333,134.65326500000003,0.45750164967733575
cant.mtx,16,DCSC-profile,wall,lookup_build,12,0.0004934166666666667,0.00048100000000000004,34.36873792929398
cant.mtx,16,DCSC-profile,wall,numeric,12,83.17954225,83.15748500000001,0.07950237138836767
cant.mtx,16,DCSC-profile,wall,output_allocate,12,14.232977166666668,14.2315425,0.3317485485397241
cant.mtx,16,DCSC-profile,wall,output_free,12,0.0011649166666666667,0.001148,23.508106870214476
cant.mtx,16,DCSC-profile,wall,prefix_numeric_capacity,12,0.07382575000000001,0.07283499999999998,3.752298138919144
cant.mtx,16,DCSC-profile,wall,return_cleanup,12,0.0013332499999999998,0.0012875,14.3101175334292
cant.mtx,16,DCSC-profile,wall,scratch_setup,12,0.135707,0.137369,3.425748432915642
cant.mtx,16,DCSC-profile,wall,symbolic,12,30.147460333333335,30.175971,1.2515928266897502
cant.mtx,16,DCSC-profile,wall,symbolic_capacity,12,0.36517441666666667,0.353423,11.005077708819744
cant.mtx,16,DCSC-profile,wall,total,12,129.14320375,129.170323,0.3039672463568229
cant.mtx,16,DCSC-profile,wall,validate,12,0.0005853333333333333,0.000566,23.807744323307055
cant.mtx,16,DCSC-profile,wall,work_bound,12,1.0048783333333333,0.9704265,4.68273186836126
cant.mtx,16,DCSC-sampled,sampled_worker,alloc_init,12,2.656261916666663,2.6558784999999965,0.20853700819957868
cant.mtx,16,DCSC-sampled,sampled_worker,compact,12,4.627956333333333,4.62508,0.30249595875224033
cant.mtx,16,DCSC-sampled,sampled_worker,lookup,12,0.0,0.0,0
cant.mtx,16,DCSC-sampled,sampled_worker,lookup_multiply_hash,12,132.82931625,132.869344,0.05806104665113062
cant.mtx,16,DCSC-sampled,sampled_worker,scratch_free,12,0.5161673333333358,0.5140765000000025,1.4835424021345291
cant.mtx,16,DCSC-sampled,sampled_worker,sort,12,46.931356416666674,46.9170445,0.07136437077556063
cant.mtx,16,DCSC-sampled,sampled_worker,write,12,2.348758999999999,2.3469424999999986,0.39466540185333293
cant.mtx,16,DCSC-sampled,wall,lookup_build,12,0.00033991666666666664,0.000286,27.08156313624672
cant.mtx,16,DCSC-sampled,wall,numeric,12,83.38391683333333,83.386749,0.10830700467715161
cant.mtx,16,DCSC-sampled,wall,output_allocate,12,14.266245833333333,14.2577785,0.4061357538759793
cant.mtx,16,DCSC-sampled,wall,output_free,12,0.0012271666666666668,0.001242,18.870439479249672
cant.mtx,16,DCSC-sampled,wall,prefix_numeric_capacity,12,0.07484933333333334,0.07405650000000001,4.015088936683203
cant.mtx,16,DCSC-sampled,wall,return_cleanup,12,0.0017575833333333334,0.0017135,12.497051884834223
cant.mtx,16,DCSC-sampled,wall,scratch_setup,12,0.13519608333333333,0.13241400000000003,5.58100766697474
cant.mtx,16,DCSC-sampled,wall,symbolic,12,29.76900275,29.771735500000002,0.6572828327911256
cant.mtx,16,DCSC-sampled,wall,symbolic_capacity,12,0.39375625000000003,0.3785365,9.643140973311404
cant.mtx,16,DCSC-sampled,wall,total,12,129.09185691666667,129.081888,0.19725229949849402
cant.mtx,16,DCSC-sampled,wall,validate,12,0.00063525,0.000626,33.853064564655476
cant.mtx,16,DCSC-sampled,wall,work_bound,12,1.06486225,1.061726,0.9556112727345573
cant.mtx,16,DCSC-static,wall,native_call_and_free,12,126.19673875000001,126.10408099999998,0.14029849630269028
cant.mtx,16,DCSC-static,wall,total,12,126.19726333333334,126.10471249999999,0.140292426840606
cant.mtx,16,Tuples-control,wall,native_call_and_free,12,129.35678183333332,129.372876,0.2509285530632208
cant.mtx,16,Tuples-control,wall,total,12,129.3573614166667,129.374088,0.25096467174692366
cant.mtx,16,Tuples-profile,wall,lookup_build,12,0.0003165,0.00026599999999999996,49.74681481325998
cant.mtx,16,Tuples-profile,wall,numeric,12,81.15056975,81.12087849999999,0.16158766349680312
cant.mtx,16,Tuples-profile,wall,output_allocate,12,23.131796833333333,23.0188975,1.3524875061256936
cant.mtx,16,Tuples-profile,wall,output_free,12,0.0005418333333333333,0.0005259999999999999,24.660835677950256
cant.mtx,16,Tuples-profile,wall,prefix_numeric_capacity,12,0.07197216666666667,0.07177800000000001,2.7102484770465765
cant.mtx,16,Tuples-profile,wall,return_cleanup,12,0.00149025,0.0014575,11.488674449977422
cant.mtx,16,Tuples-profile,wall,scratch_setup,12,0.13922533333333334,0.13810999999999998,2.466851490646853
cant.mtx,16,Tuples-profile,wall,symbolic,12,33.51118475,33.451749,0.5562813219666651
cant.mtx,16,Tuples-profile,wall,symbolic_capacity,12,0.38444408333333335,0.370877,9.446007220229934
cant.mtx,16,Tuples-profile,wall,total,12,139.36861675,139.357327,0.36015914372496177
cant.mtx,16,Tuples-profile,wall,validate,12,0.000698,0.0006810000000000001,27.039562663974138
cant.mtx,16,Tuples-profile,wall,work_bound,12,0.9763135833333334,0.9769190000000001,1.9074054198185295
cant.mtx,128,CSC-control,wall,native_call_and_free,12,56.15071483333333,56.098553499999994,0.5836018985398104
cant.mtx,128,CSC-control,wall,total,12,56.15113291666667,56.09908349999999,0.5836174812706911
cant.mtx,128,CSC-profile,wall,lookup_build,12,3.583333333333333e-05,4e-05,13.758325076975856
cant.mtx,128,CSC-profile,wall,numeric,12,26.428771333333334,26.405343,2.507301792861829
cant.mtx,128,CSC-profile,wall,output_allocate,12,20.997808,21.016768,4.011764709155313
cant.mtx,128,CSC-profile,wall,output_free,12,0.0013315833333333335,0.0013025,19.632290331024357
cant.mtx,128,CSC-profile,wall,prefix_numeric_capacity,12,0.22667716666666665,0.22533199999999998,11.849673456183965
cant.mtx,128,CSC-profile,wall,return_cleanup,12,0.0013485833333333334,0.0013025,8.064874806576737
cant.mtx,128,CSC-profile,wall,scratch_setup,12,0.33456925000000004,0.27842350000000005,34.59747634404208
cant.mtx,128,CSC-profile,wall,symbolic,12,8.160813416666667,8.152441999999999,4.40129334475397
cant.mtx,128,CSC-profile,wall,symbolic_capacity,12,0.3499379166666666,0.3385445,8.987393826001103
cant.mtx,128,CSC-profile,wall,total,12,57.682411083333335,57.753733000000004,2.987080342108239
cant.mtx,128,CSC-profile,wall,validate,12,0.0007398333333333333,0.0007365000000000001,31.504736714880114
cant.mtx,128,CSC-profile,wall,work_bound,12,1.1802989166666666,1.169659,3.9024839482974967
cant.mtx,128,CombBLAS-control,wall,native_call_and_free,12,54.26094,54.18617,1.0727481711535642
cant.mtx,128,CombBLAS-control,wall,total,12,54.261455,54.1865455,1.0726989649382621
cant.mtx,128,CombBLAS-conversion,wall,dcsc_free,12,0.002372,0.002299,20.860245029541584
cant.mtx,128,CombBLAS-conversion,wall,native_call,12,52.25284833333333,51.6116515,3.622443708315914
cant.mtx,128,CombBLAS-conversion,wall,output_free,12,0.0014078333333333332,0.0015029999999999998,20.81331117927167
cant.mtx,128,CombBLAS-conversion,wall,total,12,126.004229,125.4123395,1.4886127452340707
cant.mtx,128,CombBLAS-conversion,wall,tuple_to_dcsc,12,73.74753833333334,73.741334,0.21923111283700858
cant.mtx,128,CombBLAS-profile,wall,internal_cleanup,12,0.00301075,0.00289,11.48904985637837
cant.mtx,128,CombBLAS-profile,wall,lookup_build,12,0.08384575,0.0720575,31.45058463691156
cant.mtx,128,CombBLAS-profile,wall,numeric,12,15.298464166666667,15.37977,1.0557393605714198
cant.mtx,128,CombBLAS-profile,wall,numeric_scratch_setup,12,2.4845365,2.477727,2.1486716727245856
cant.mtx,128,CombBLAS-profile,wall,output_allocate,12,32.09487741666667,31.8373375,1.9638094082065267
cant.mtx,128,CombBLAS-profile,wall,output_free,12,0.0008333333333333333,0.0007615,19.37193846779408
cant.mtx,128,CombBLAS-profile,wall,output_prefix,12,0.10083650000000001,0.097186,8.17679018673232
cant.mtx,128,CombBLAS-profile,wall,return_cleanup,12,0.022828750000000002,0.022553,4.59329052324781
cant.mtx,128,CombBLAS-profile,wall,symbolic,12,3.8045466666666665,3.8362935,1.5630228161750068
cant.mtx,128,CombBLAS-profile,wall,thread_setup,12,0.05048525,0.049029500000000004,6.92502405103713
cant.mtx,128,CombBLAS-profile,wall,total,12,55.11498475,54.932541,0.9377458178232955
cant.mtx,128,CombBLAS-profile,wall,work_bound,12,1.070399,1.0563965,6.117228657732176
cant.mtx,128,CombBLAS-profile,wall,work_prefix,12,0.10025483333333333,0.098339,6.586203056987342
cant.mtx,128,CombBLAS-sampled,sampled_worker,alloc_init,12,4.339181499999999,4.321878,2.1578887287020896
cant.mtx,128,CombBLAS-sampled,sampled_worker,compact,12,6.05030825,6.040541499999998,1.0617205236350726
cant.mtx,128,CombBLAS-sampled,sampled_worker,lookup,12,9.878710250000001,9.8546075,2.613804317317689
cant.mtx,128,CombBLAS-sampled,sampled_worker,lookup_multiply_hash,12,132.34587549999998,132.50398299999998,2.121029746295561
cant.mtx,128,CombBLAS-sampled,sampled_worker,scratch_free,12,3.0899558333333337,3.0441650000000005,4.128500531186876
cant.mtx,128,CombBLAS-sampled,sampled_worker,sort,12,50.62778058333334,50.555299,0.63127119651308
cant.mtx,128,CombBLAS-sampled,sampled_worker,write,12,28.120215749999996,28.04505949999999,6.1346094902032675
cant.mtx,128,CombBLAS-sampled,wall,internal_cleanup,12,0.003302166666666667,0.0032715,12.829288011144488
cant.mtx,128,CombBLAS-sampled,wall,lookup_build,12,0.13317774999999998,0.13466850000000002,13.983568856042782
cant.mtx,128,CombBLAS-sampled,wall,numeric,12,14.914827333333333,15.045894,1.5975227037274988
cant.mtx,128,CombBLAS-sampled,wall,numeric_scratch_setup,12,2.4748463333333333,2.483038,0.7411782320290142
cant.mtx,128,CombBLAS-sampled,wall,output_allocate,12,28.20189075,28.350229,19.826483902266606
cant.mtx,128,CombBLAS-sampled,wall,output_free,12,0.0008206666666666666,0.0007765,25.390040274050296
cant.mtx,128,CombBLAS-sampled,wall,output_prefix,12,0.08827275,0.0861555,25.308925586520314
cant.mtx,128,CombBLAS-sampled,wall,return_cleanup,12,0.02241475,0.0221325,3.8547652210580066
cant.mtx,128,CombBLAS-sampled,wall,symbolic,12,3.59688175,3.607239,8.232642344910897
cant.mtx,128,CombBLAS-sampled,wall,thread_setup,12,0.060385916666666664,0.0604765,14.953275265029093
cant.mtx,128,CombBLAS-sampled,wall,total,12,50.377125416666665,50.43463450000001,12.237893269663815
cant.mtx,128,CombBLAS-sampled,wall,work_bound,12,0.7931264166666667,0.8351265,29.222714302897188
cant.mtx,128,CombBLAS-sampled,wall,work_prefix,12,0.087076,0.094151,13.517306973811761
cant.mtx,128,DCSC-control,wall,native_call_and_free,12,57.701163,57.8012195,3.055863575839202
cant.mtx,128,DCSC-control,wall,total,12,57.70151358333334,57.801745000000004,3.055800877490551
cant.mtx,128,DCSC-dense-lookup,wall,native_call_and_free,12,52.54798675,52.277138,9.915013962405895
cant.mtx,128,DCSC-dense-lookup,wall,total,12,52.54839175,52.277459,9.915068126692121
cant.mtx,128,DCSC-dense-static,wall,native_call_and_free,12,42.681248,42.8332685,1.80929971438019
cant.mtx,128,DCSC-dense-static,wall,total,12,42.681591166666664,42.833574999999996,1.8091799976873313
cant.mtx,128,DCSC-profile,wall,lookup_build,12,0.00033641666666666667,0.00025550000000000003,44.46626358950191
cant.mtx,128,DCSC-profile,wall,numeric,12,26.186529583333332,25.7958395,2.264570425410906
cant.mtx,128,DCSC-profile,wall,output_allocate,12,20.961186666666666,20.433614000000002,3.7491273218274794
cant.mtx,128,DCSC-profile,wall,output_free,12,0.0012965833333333334,0.001297,15.956727243117241
cant.mtx,128,DCSC-profile,wall,prefix_numeric_capacity,12,0.21636341666666667,0.20603,9.91936998840167
cant.mtx,128,DCSC-profile,wall,return_cleanup,12,0.0014593333333333333,0.001488,13.231704907817218
cant.mtx,128,DCSC-profile,wall,scratch_setup,12,0.3138938333333333,0.301869,26.166582853151155
cant.mtx,128,DCSC-profile,wall,symbolic,12,8.047636916666667,7.925562,3.0987076243495353
cant.mtx,128,DCSC-profile,wall,symbolic_capacity,12,0.3776125,0.37299999999999994,10.85566647568966
cant.mtx,128,DCSC-profile,wall,total,12,57.4339555,56.30852,2.827283197435617
cant.mtx,128,DCSC-profile,wall,validate,12,0.000537,0.0004915000000000001,21.5346307944046
cant.mtx,128,DCSC-profile,wall,work_bound,12,1.3270354166666667,1.308149,4.606610836734658
cant.mtx,128,DCSC-sampled,sampled_worker,alloc_init,12,5.832324750000001,5.801881999999998,2.0717276886003297
cant.mtx,128,DCSC-sampled,sampled_worker,compact,12,6.9534115833333345,6.931669499999999,1.4201700494143685
cant.mtx,128,DCSC-sampled,sampled_worker,lookup,12,0.0,0.0,0
cant.mtx,128,DCSC-sampled,sampled_worker,lookup_multiply_hash,12,349.32683616666674,349.4799730000001,0.9972288662160274
cant.mtx,128,DCSC-sampled,sampled_worker,scratch_free,12,12.031580416666667,12.0281835,1.9575520147098615
cant.mtx,128,DCSC-sampled,sampled_worker,sort,12,48.821637499999994,48.8511925,0.4666618386999663
cant.mtx,128,DCSC-sampled,sampled_worker,write,12,51.91389883333333,51.990557,0.6822025583292404
cant.mtx,128,DCSC-sampled,wall,lookup_build,12,0.00032725,0.00023999999999999998,37.241549295207015
cant.mtx,128,DCSC-sampled,wall,numeric,12,26.997227916666667,27.000014000000004,0.24667082560722722
cant.mtx,128,DCSC-sampled,wall,output_allocate,12,21.93517225,21.9633525,0.7309640163059923
cant.mtx,128,DCSC-sampled,wall,output_free,12,0.00145625,0.001558,18.115162134031394
cant.mtx,128,DCSC-sampled,wall,prefix_numeric_capacity,12,0.23134808333333332,0.2222415,12.232029781423048
cant.mtx,128,DCSC-sampled,wall,return_cleanup,12,0.0019326666666666667,0.0019035,8.647578085600296
cant.mtx,128,DCSC-sampled,wall,scratch_setup,12,0.23005875,0.230487,7.124781147122121
cant.mtx,128,DCSC-sampled,wall,symbolic,12,8.307242416666666,8.3000955,0.6984039786263847
cant.mtx,128,DCSC-sampled,wall,symbolic_capacity,12,0.38618925,0.3774045,8.686683741620342
cant.mtx,128,DCSC-sampled,wall,total,12,59.500043500000004,59.54245850000001,0.30128955929497936
cant.mtx,128,DCSC-sampled,wall,validate,12,0.0005686666666666666,0.0006215,19.237738903252094
cant.mtx,128,DCSC-sampled,wall,work_bound,12,1.4084356666666666,1.3909175,3.535849464799423
cant.mtx,128,DCSC-static,wall,native_call_and_free,12,42.253387333333336,42.6726155,2.5991720810233487
cant.mtx,128,DCSC-static,wall,total,12,42.253816416666666,42.672900999999996,2.5990789673166117
cant.mtx,128,Tuples-control,wall,native_call_and_free,12,66.74617375,66.4470375,1.9148628549052369
cant.mtx,128,Tuples-control,wall,total,12,66.74682233333333,66.44748799999999,1.9149332508179864
cant.mtx,128,Tuples-profile,wall,lookup_build,12,0.00039066666666666666,0.00031549999999999997,64.79382522510119
cant.mtx,128,Tuples-profile,wall,numeric,12,28.17503616666667,28.181435,0.9857065174076095
cant.mtx,128,Tuples-profile,wall,output_allocate,12,31.027666083333333,31.0982495,2.10648719312478
cant.mtx,128,Tuples-profile,wall,output_free,12,0.0008065833333333333,0.0008019999999999999,37.845904572757725
cant.mtx,128,Tuples-profile,wall,prefix_numeric_capacity,12,0.2073151666666667,0.20382050000000002,5.5229891326923575
cant.mtx,128,Tuples-profile,wall,return_cleanup,12,0.0014795833333333332,0.001408,16.989493344440078
cant.mtx,128,Tuples-profile,wall,scratch_setup,12,0.4436,0.4288725,25.951256339990383
cant.mtx,128,Tuples-profile,wall,symbolic,12,7.3382865,7.3220345,5.735708381236608
cant.mtx,128,Tuples-profile,wall,symbolic_capacity,12,0.4001064166666667,0.3917715,9.184578839379453
cant.mtx,128,Tuples-profile,wall,total,12,68.97232558333333,68.8499865,0.6039842525248008
cant.mtx,128,Tuples-profile,wall,validate,12,0.0006236666666666667,0.000511,38.438050095302415
cant.mtx,128,Tuples-profile,wall,work_bound,12,1.3769505,1.3812745,5.180186903507561
ecology1.mtx,16,CSC-control,wall,native_call_and_free,12,38.55837583333333,38.608144499999995,0.38187966900899845
ecology1.mtx,16,CSC-control,wall,total,12,38.55883008333333,38.60867,0.38185108574988486
ecology1.mtx,16,CSC-profile,wall,lookup_build,12,3.583333333333333e-05,4e-05,13.805415888051938
ecology1.mtx,16,CSC-profile,wall,numeric,12,15.785272916666665,15.787557000000001,0.6363812244018905
ecology1.mtx,16,CSC-profile,wall,output_allocate,12,11.025447000000002,11.0233435,0.45860208061339297
ecology1.mtx,16,CSC-profile,wall,output_free,12,0.0012549166666666668,0.0012775,17.909203649662246
ecology1.mtx,16,CSC-profile,wall,prefix_numeric_capacity,12,0.7623998333333333,0.749718,7.619221539020503
ecology1.mtx,16,CSC-profile,wall,return_cleanup,12,0.003557666666666667,0.0034265000000000003,11.81337008508786
ecology1.mtx,16,CSC-profile,wall,scratch_setup,12,1.7635218333333333,1.7439500000000001,8.854389091574093
ecology1.mtx,16,CSC-profile,wall,symbolic,12,4.642641083333333,4.6277215,1.2264391464251398
ecology1.mtx,16,CSC-profile,wall,symbolic_capacity,12,2.3772423333333337,2.393376,3.6651350629452955
ecology1.mtx,16,CSC-profile,wall,total,12,38.64638291666667,38.7153405,0.5779245001720206
ecology1.mtx,16,CSC-profile,wall,validate,12,0.0007615,0.0006869999999999999,18.874713166840696
ecology1.mtx,16,CSC-profile,wall,work_bound,12,2.284182,2.255361,7.604205759503224
ecology1.mtx,16,CombBLAS-control,wall,native_call_and_free,12,47.67153666666667,47.6438415,0.5725125287461987
ecology1.mtx,16,CombBLAS-control,wall,total,12,47.67217216666666,47.644457,0.572373263404271
ecology1.mtx,16,CombBLAS-conversion,wall,dcsc_free,12,0.0029975,0.003061,10.768194346881124
ecology1.mtx,16,CombBLAS-conversion,wall,native_call,12,47.92068458333333,47.7660455,0.5686807219511454
ecology1.mtx,16,CombBLAS-conversion,wall,output_free,12,0.00087,0.0008770000000000001,20.444912595810646
ecology1.mtx,16,CombBLAS-conversion,wall,total,12,96.72381858333333,96.63240149999999,0.2946955767290953
ecology1.mtx,16,CombBLAS-conversion,wall,tuple_to_dcsc,12,48.79919875,48.822751999999994,0.25380614335365415
ecology1.mtx,16,CombBLAS-profile,wall,internal_cleanup,12,0.003217,0.0031360000000000003,11.424042619482792
ecology1.mtx,16,CombBLAS-profile,wall,lookup_build,12,0.8508709166666667,0.8339989999999999,6.264176221849299
ecology1.mtx,16,CombBLAS-profile,wall,numeric,12,16.191153916666664,16.172310500000002,0.4418020773575393
ecology1.mtx,16,CombBLAS-profile,wall,numeric_scratch_setup,12,3.11339075,3.0796865,2.7889546358788566
ecology1.mtx,16,CombBLAS-profile,wall,output_allocate,12,16.641330083333333,16.627944,0.9590605151381856
ecology1.mtx,16,CombBLAS-profile,wall,output_free,12,0.0007698333333333333,0.000757,22.958379455057013
ecology1.mtx,16,CombBLAS-profile,wall,output_prefix,12,0.167779,0.167396,2.7569284992426257
ecology1.mtx,16,CombBLAS-profile,wall,return_cleanup,12,0.00292225,0.002931,6.079877725796622
ecology1.mtx,16,CombBLAS-profile,wall,symbolic,12,7.03484375,6.9985245,1.433646153925485
ecology1.mtx,16,CombBLAS-profile,wall,thread_setup,12,0.00903575,0.009198,13.311926843870749
ecology1.mtx,16,CombBLAS-profile,wall,total,12,48.12487791666667,48.116508,0.48905880553057424
ecology1.mtx,16,CombBLAS-profile,wall,work_bound,12,3.8803848333333333,3.867408,1.5892919693112846
ecology1.mtx,16,CombBLAS-profile,wall,work_prefix,12,0.22910941666666665,0.22930949999999997,0.4847253072681588
ecology1.mtx,16,CombBLAS-sampled,sampled_worker,alloc_init,12,0.42140825000000215,0.4189045000000021,1.9103985340349583
ecology1.mtx,16,CombBLAS-sampled,sampled_worker,compact,12,0.394039,0.3918134999999999,2.6495106534207835
ecology1.mtx,16,CombBLAS-sampled,sampled_worker,lookup,12,0.6661224166666646,0.667628499999998,0.6623030008477665
ecology1.mtx,16,CombBLAS-sampled,sampled_worker,lookup_multiply_hash,12,0.8300113333333379,0.8290635000000046,0.9252133368440688
ecology1.mtx,16,CombBLAS-sampled,sampled_worker,scratch_free,12,0.3324319166666646,0.32871699999999804,3.440136403927833
ecology1.mtx,16,CombBLAS-sampled,sampled_worker,sort,12,0.6060566666666658,0.6069304999999989,0.5202437604358752
ecology1.mtx,16,CombBLAS-sampled,sampled_worker,write,12,0.3305294166666644,0.33050549999999773,0.40200530914182414
ecology1.mtx,16,CombBLAS-sampled,wall,internal_cleanup,12,0.0040085,0.0039369999999999995,13.108447222651852
ecology1.mtx,16,CombBLAS-sampled,wall,lookup_build,12,0.8917079166666667,0.876617,7.115613677685723
ecology1.mtx,16,CombBLAS-sampled,wall,numeric,12,16.375320416666664,16.3673845,0.6065201129092354
ecology1.mtx,16,CombBLAS-sampled,wall,numeric_scratch_setup,12,3.0813296666666665,3.0807045,1.3207144702645057
ecology1.mtx,16,CombBLAS-sampled,wall,output_allocate,12,16.602164416666668,16.5297955,1.2957569601464163
ecology1.mtx,16,CombBLAS-sampled,wall,output_free,12,0.0007548333333333334,0.000756,13.013472795408266
ecology1.mtx,16,CombBLAS-sampled,wall,output_prefix,12,0.15429283333333332,0.15433100000000002,10.293796609877273
ecology1.mtx,16,CombBLAS-sampled,wall,return_cleanup,12,0.0030066666666666666,0.003016,9.731070499650023
ecology1.mtx,16,CombBLAS-sampled,wall,symbolic,12,6.9405485,6.9148335,1.268155261049542
ecology1.mtx,16,CombBLAS-sampled,wall,thread_setup,12,0.010246166666666667,0.0107055,14.998412953385303
ecology1.mtx,16,CombBLAS-sampled,wall,total,12,48.16660216666667,48.093574,0.5577620342341406
ecology1.mtx,16,CombBLAS-sampled,wall,work_bound,12,3.8758619999999997,3.8842205,0.9792039602461134
ecology1.mtx,16,CombBLAS-sampled,wall,work_prefix,12,0.22729416666666666,0.22823800000000002,2.0689928803112467
ecology1.mtx,16,DCSC-control,wall,native_call_and_free,12,40.696522,40.674373,0.5495874073304625
ecology1.mtx,16,DCSC-control,wall,total,12,40.69695541666667,40.6746535,0.5494919485518529
ecology1.mtx,16,DCSC-dense-lookup,wall,native_call_and_free,12,39.91608166666666,39.908478499999994,1.3248310715131093
ecology1.mtx,16,DCSC-dense-lookup,wall,total,12,39.916428749999994,39.908768499999994,1.324973947265963
ecology1.mtx,16,DCSC-dense-static,wall,native_call_and_free,12,36.616622166666666,36.5552615,0.7562586012680113
ecology1.mtx,16,DCSC-dense-static,wall,total,12,36.617091333333335,36.5557235,0.7563732361374312
ecology1.mtx,16,DCSC-profile,wall,lookup_build,12,0.0004141666666666667,0.00043599999999999997,25.198506262966728
ecology1.mtx,16,DCSC-profile,wall,numeric,12,15.43342375,15.407017,0.37240372628919394
ecology1.mtx,16,DCSC-profile,wall,output_allocate,12,12.504292833333333,12.4850375,1.011319391910784
ecology1.mtx,16,DCSC-profile,wall,output_free,12,0.0012021666666666667,0.0011870000000000001,11.961793279792492
ecology1.mtx,16,DCSC-profile,wall,prefix_numeric_capacity,12,0.73564375,0.7307215,1.4286924904887843
ecology1.mtx,16,DCSC-profile,wall,return_cleanup,12,0.0034441666666666666,0.003396,20.951469223629672
ecology1.mtx,16,DCSC-profile,wall,scratch_setup,12,1.7791919166666668,1.8061445,7.890737197238404
ecology1.mtx,16,DCSC-profile,wall,symbolic,12,5.1422818333333336,5.178829,2.4568466187916744
ecology1.mtx,16,DCSC-profile,wall,symbolic_capacity,12,2.5876898333333336,2.4534409999999998,12.211129189887806
ecology1.mtx,16,DCSC-profile,wall,total,12,40.45251375,40.4368225,0.7449482723160245
ecology1.mtx,16,DCSC-profile,wall,validate,12,0.0006670833333333333,0.000636,29.36974471158056
ecology1.mtx,16,DCSC-profile,wall,work_bound,12,2.2641972499999996,2.176054,5.111927302775592
ecology1.mtx,16,DCSC-sampled,sampled_worker,alloc_init,12,0.3521800833333318,0.3513929999999984,1.3349175156021365
ecology1.mtx,16,DCSC-sampled,sampled_worker,compact,12,0.40195241666666714,0.39966300000000055,1.8667992134827478
ecology1.mtx,16,DCSC-sampled,sampled_worker,lookup,12,0.0,0.0,0
ecology1.mtx,16,DCSC-sampled,sampled_worker,lookup_multiply_hash,12,1.1651489166666689,1.1527905000000023,2.9828791539102566
ecology1.mtx,16,DCSC-sampled,sampled_worker,scratch_free,12,0.4083081666666652,0.4078309999999985,1.5417219054675062
ecology1.mtx,16,DCSC-sampled,sampled_worker,sort,12,0.7177042499999988,0.7145969999999989,1.4430051894335403
ecology1.mtx,16,DCSC-sampled,sampled_worker,write,12,0.46144516666666485,0.4612729999999981,1.1101151858887885
ecology1.mtx,16,DCSC-sampled,wall,lookup_build,12,0.00035466666666666665,0.00028500000000000004,33.00444915676608
ecology1.mtx,16,DCSC-sampled,wall,numeric,12,15.429867833333333,15.422141,0.1575536712167979
ecology1.mtx,16,DCSC-sampled,wall,output_allocate,12,12.461938333333334,12.461291999999998,0.783888896493599
ecology1.mtx,16,DCSC-sampled,wall,output_free,12,0.0011803333333333334,0.001102,16.982283659332836
ecology1.mtx,16,DCSC-sampled,wall,prefix_numeric_capacity,12,0.7946124166666666,0.7444475,12.06441494139626
ecology1.mtx,16,DCSC-sampled,wall,return_cleanup,12,0.0032656666666666667,0.0032765,16.79849714973797
ecology1.mtx,16,DCSC-sampled,wall,scratch_setup,12,1.6470158333333333,1.638383,2.1384335610868948
ecology1.mtx,16,DCSC-sampled,wall,symbolic,12,5.1425634166666665,5.1546075,2.0483865212639993
ecology1.mtx,16,DCSC-sampled,wall,symbolic_capacity,12,2.4056491666666666,2.3990365,2.9492842043383196
ecology1.mtx,16,DCSC-sampled,wall,total,12,40.37732483333333,40.355169999999994,0.4534709142670715
ecology1.mtx,16,DCSC-sampled,wall,validate,12,0.00063975,0.0006615,22.512240936108828
ecology1.mtx,16,DCSC-sampled,wall,work_bound,12,2.49017225,2.4582854999999997,3.405882351292335
ecology1.mtx,16,DCSC-static,wall,native_call_and_free,12,36.83320166666667,36.768466,0.7889441274253066
ecology1.mtx,16,DCSC-static,wall,total,12,36.83361658333333,36.768862,0.7890732093394446
ecology1.mtx,16,Tuples-control,wall,native_call_and_free,12,47.882938083333336,47.8516195,0.42741832763722115
ecology1.mtx,16,Tuples-control,wall,total,12,47.88356425,47.852115500000004,0.4273047300656845
ecology1.mtx,16,Tuples-profile,wall,lookup_build,12,0.00045933333333333335,0.0004555,26.16777028750434
ecology1.mtx,16,Tuples-profile,wall,numeric,12,18.356301666666667,18.3127605,0.4258879505814363
ecology1.mtx,16,Tuples-profile,wall,output_allocate,12,16.647838083333333,16.663898,1.0908774417242748
ecology1.mtx,16,Tuples-profile,wall,output_free,12,0.0005988333333333333,0.0005760000000000001,30.740615049532792
ecology1.mtx,16,Tuples-profile,wall,prefix_numeric_capacity,12,0.72885725,0.7279215,1.2370858422376965
ecology1.mtx,16,Tuples-profile,wall,return_cleanup,12,0.0031729166666666663,0.0032110000000000003,19.95752179263848
ecology1.mtx,16,Tuples-profile,wall,scratch_setup,12,1.8397436666666667,1.8519619999999999,3.752829899076557
ecology1.mtx,16,Tuples-profile,wall,symbolic,12,5.449497083333333,5.421239,2.1707318328181744
ecology1.mtx,16,Tuples-profile,wall,symbolic_capacity,12,2.5801506666666665,2.5745885,3.7123482825737235
ecology1.mtx,16,Tuples-profile,wall,total,12,47.87029733333333,47.8859355,0.327585775739653
ecology1.mtx,16,Tuples-profile,wall,validate,12,0.0006795,0.0007615,39.627735838456836
ecology1.mtx,16,Tuples-profile,wall,work_bound,12,2.2629339166666664,2.2752440000000003,1.3631064543564302
ecology1.mtx,128,CSC-control,wall,native_call_and_free,12,51.14273008333333,51.05514,1.4883874860391768
ecology1.mtx,128,CSC-control,wall,total,12,51.143382,51.055645,1.4885292227064202
ecology1.mtx,128,CSC-profile,wall,lookup_build,12,4.408333333333333e-05,2.9999999999999997e-05,70.29366082477524
ecology1.mtx,128,CSC-profile,wall,numeric,12,15.719428416666666,15.5303945,5.151406035604583
ecology1.mtx,128,CSC-profile,wall,output_allocate,12,16.837468416666667,17.073413499999997,2.485107426201738
ecology1.mtx,128,CSC-profile,wall,output_free,12,0.0018777499999999999,0.001753,26.577017791221202
ecology1.mtx,128,CSC-profile,wall,prefix_numeric_capacity,12,2.109499583333333,1.915103,34.03204351376903
ecology1.mtx,128,CSC-profile,wall,return_cleanup,12,0.006122583333333333,0.0057505,22.871565265191688
ecology1.mtx,128,CSC-profile,wall,scratch_setup,12,4.516157833333334,4.0000635,38.66847067944027
ecology1.mtx,128,CSC-profile,wall,symbolic,12,5.6666593333333335,5.721319500000001,1.9715053834496081
ecology1.mtx,128,CSC-profile,wall,symbolic_capacity,12,3.2910491666666664,3.311256,12.590461485880775
ecology1.mtx,128,CSC-profile,wall,total,12,50.82700825,50.3253145,3.7824523014071714
ecology1.mtx,128,CSC-profile,wall,validate,12,0.0010203333333333334,0.0009565000000000001,23.885229336013804
ecology1.mtx,128,CSC-profile,wall,work_bound,12,2.677595833333333,2.6869745000000003,6.482338407758986
ecology1.mtx,128,CombBLAS-control,wall,native_call_and_free,12,47.885466,47.7704285,1.7193893966693603
ecology1.mtx,128,CombBLAS-control,wall,total,12,47.88616141666667,47.7711445,1.7193736109661957
ecology1.mtx,128,CombBLAS-conversion,wall,dcsc_free,12,0.0027366666666666668,0.0027,15.138703596944058
ecology1.mtx,128,CombBLAS-conversion,wall,native_call,12,43.69863341666667,41.1821915,9.727397881590932
ecology1.mtx,128,CombBLAS-conversion,wall,output_free,12,0.0010695000000000001,0.001077,33.79163666554097
ecology1.mtx,128,CombBLAS-conversion,wall,total,12,122.41383625,120.82389299999998,10.932631770628737
ecology1.mtx,128,CombBLAS-conversion,wall,tuple_to_dcsc,12,78.71133625,75.561691,18.675141771156895
ecology1.mtx,128,CombBLAS-profile,wall,internal_cleanup,12,0.0057335,0.0055005,24.77247206603806
ecology1.mtx,128,CombBLAS-profile,wall,lookup_build,12,2.0019434166666668,1.9406174999999999,10.865383456375788
ecology1.mtx,128,CombBLAS-profile,wall,numeric,12,9.167850083333333,9.210381,7.089117513533237
ecology1.mtx,128,CombBLAS-profile,wall,numeric_scratch_setup,12,4.338048416666667,4.341803,0.9043651557979591
ecology1.mtx,128,CombBLAS-profile,wall,output_allocate,12,25.208668833333334,25.217199500000003,3.7038790105656605
ecology1.mtx,128,CombBLAS-profile,wall,output_free,12,0.0012613333333333333,0.0012325,28.396839631813986
ecology1.mtx,128,CombBLAS-profile,wall,output_prefix,12,0.6999490833333334,0.6993710000000001,1.8831951196863628
ecology1.mtx,128,CombBLAS-profile,wall,return_cleanup,12,0.024707333333333335,0.024096,5.930113823456018
ecology1.mtx,128,CombBLAS-profile,wall,symbolic,12,3.0247383333333335,3.0189855,3.101607670412121
ecology1.mtx,128,CombBLAS-profile,wall,thread_setup,12,0.057686666666666664,0.055301499999999996,12.269422859589975
ecology1.mtx,128,CombBLAS-profile,wall,total,12,47.6477795,47.465519,0.9544473575371101
ecology1.mtx,128,CombBLAS-profile,wall,work_bound,12,2.384010916666667,2.3863575000000004,6.220754062688154
ecology1.mtx,128,CombBLAS-profile,wall,work_prefix,12,0.7331164166666667,0.731483,2.3202420492574363
ecology1.mtx,128,CombBLAS-sampled,sampled_worker,alloc_init,12,1.4838415,1.4262815,18.770146137263698
ecology1.mtx,128,CombBLAS-sampled,sampled_worker,compact,12,0.4098703333333332,0.41120899999999994,1.6346812131018527
ecology1.mtx,128,CombBLAS-sampled,sampled_worker,lookup,12,2.2789346666666668,2.2342740000000005,11.836329858420587
ecology1.mtx,128,CombBLAS-sampled,sampled_worker,lookup_multiply_hash,12,1.6721809166666677,1.6582070000000009,13.816965738935902
ecology1.mtx,128,CombBLAS-sampled,sampled_worker,scratch_free,12,0.8038902499999991,0.8077709999999994,9.897527335370283
ecology1.mtx,128,CombBLAS-sampled,sampled_worker,sort,12,1.089958333333333,1.0849224999999996,12.057091497539819
ecology1.mtx,128,CombBLAS-sampled,sampled_worker,write,12,0.531610083333333,0.5271144999999998,12.250208263768872
ecology1.mtx,128,CombBLAS-sampled,wall,internal_cleanup,12,0.005405999999999999,0.004719,37.28392881490669
ecology1.mtx,128,CombBLAS-sampled,wall,lookup_build,12,2.10169875,2.083571,3.924398219752226
ecology1.mtx,128,CombBLAS-sampled,wall,numeric,12,8.297376250000001,8.3538335,8.441107297241055
ecology1.mtx,128,CombBLAS-sampled,wall,numeric_scratch_setup,12,3.9780545,4.023917999999999,9.215017626374687
ecology1.mtx,128,CombBLAS-sampled,wall,output_allocate,12,21.86242441666667,21.9120995,22.266014904034073
ecology1.mtx,128,CombBLAS-sampled,wall,output_free,12,0.0011370833333333335,0.001077,35.652882102608594
ecology1.mtx,128,CombBLAS-sampled,wall,output_prefix,12,0.38807125000000003,0.380235,80.64735697909059
ecology1.mtx,128,CombBLAS-sampled,wall,return_cleanup,12,0.024785833333333333,0.023871000000000003,9.961460424507871
ecology1.mtx,128,CombBLAS-sampled,wall,symbolic,12,2.982853,2.9347740000000004,12.281657853757299
ecology1.mtx,128,CombBLAS-sampled,wall,thread_setup,12,0.05870333333333333,0.0588435,8.905498153325352
ecology1.mtx,128,CombBLAS-sampled,wall,total,12,42.12160808333333,42.7266745,15.892046051880424
ecology1.mtx,128,CombBLAS-sampled,wall,work_bound,12,1.9301630833333332,1.9726485000000002,16.799504841046403
ecology1.mtx,128,CombBLAS-sampled,wall,work_prefix,12,0.490835,0.48629300000000003,50.171005306775356
ecology1.mtx,128,DCSC-control,wall,native_call_and_free,12,55.48080516666667,55.2061365,5.25867197566456
ecology1.mtx,128,DCSC-control,wall,total,12,55.482009,55.207589500000005,5.258500940844473
ecology1.mtx,128,DCSC-dense-lookup,wall,native_call_and_free,12,53.14746258333333,51.269721000000004,14.386393615660785
ecology1.mtx,128,DCSC-dense-lookup,wall,total,12,53.148078,51.270277,14.386203016062467
ecology1.mtx,128,DCSC-dense-static,wall,native_call_and_free,12,41.001992083333334,41.655089,5.013322212813361
ecology1.mtx,128,DCSC-dense-static,wall,total,12,41.002507333333334,41.6557105,5.0133092012062175
ecology1.mtx,128,DCSC-profile,wall,lookup_build,12,0.0006564166666666667,0.0006715,40.687433560519935
ecology1.mtx,128,DCSC-profile,wall,numeric,12,15.298735333333333,15.3025865,0.983857536370339
ecology1.mtx,128,DCSC-profile,wall,output_allocate,12,21.101695333333332,20.7592035,4.65753047096979
ecology1.mtx,128,DCSC-profile,wall,output_free,12,0.002303833333333333,0.0020540000000000003,31.39028633593303
ecology1.mtx,128,DCSC-profile,wall,prefix_numeric_capacity,12,1.9400528333333331,1.9504105,5.104022023304161
ecology1.mtx,128,DCSC-profile,wall,return_cleanup,12,0.0070827500000000005,0.006938000000000001,22.112523414158847
ecology1.mtx,128,DCSC-profile,wall,scratch_setup,12,4.771634000000001,5.154977499999999,36.337795679178605
ecology1.mtx,128,DCSC-profile,wall,symbolic,12,5.955514083333334,5.979514999999999,1.3406954929863135
ecology1.mtx,128,DCSC-profile,wall,symbolic_capacity,12,3.4984704166666667,3.2679635,15.30020290762607
ecology1.mtx,128,DCSC-profile,wall,total,12,55.58610533333333,55.4978655,3.935152427545967
ecology1.mtx,128,DCSC-profile,wall,validate,12,0.0010200833333333333,0.0009765,24.862411517888418
ecology1.mtx,128,DCSC-profile,wall,work_bound,12,3.008864083333333,2.9996340000000004,2.8428164902508186
ecology1.mtx,128,DCSC-sampled,sampled_worker,alloc_init,12,0.8091863333333327,0.8190894999999998,7.803987480517813
ecology1.mtx,128,DCSC-sampled,sampled_worker,compact,12,0.5077155833333332,0.5103055,4.690133253407581
ecology1.mtx,128,DCSC-sampled,sampled_worker,lookup,12,0.0,0.0,0
ecology1.mtx,128,DCSC-sampled,sampled_worker,lookup_multiply_hash,12,89.60282258333334,88.53460499999997,3.330196637197634
ecology1.mtx,128,DCSC-sampled,sampled_worker,scratch_free,12,7.292471416666667,6.031493,36.14075748084923
ecology1.mtx,128,DCSC-sampled,sampled_worker,sort,12,2.004161333333333,2.018770499999999,4.879580904082966
ecology1.mtx,128,DCSC-sampled,sampled_worker,write,12,16.47060283333334,16.383386500000007,8.385449661600957
ecology1.mtx,128,DCSC-sampled,wall,lookup_build,12,0.00046325,0.0004355,29.01267530975796
ecology1.mtx,128,DCSC-sampled,wall,numeric,12,15.292372333333333,15.23936,0.9908255882973089
ecology1.mtx,128,DCSC-sampled,wall,output_allocate,12,21.48134508333333,21.6624705,3.6504499291040964
ecology1.mtx,128,DCSC-sampled,wall,output_free,12,0.0019594166666666666,0.0019234999999999999,26.689978442790206
ecology1.mtx,128,DCSC-sampled,wall,prefix_numeric_capacity,12,1.7995344166666667,1.8008895,3.0782942723474687
ecology1.mtx,128,DCSC-sampled,wall,return_cleanup,12,0.006239583333333334,0.0062625,24.92715616743225
ecology1.mtx,128,DCSC-sampled,wall,scratch_setup,12,2.6898325833333336,2.638616,5.626489745532272
ecology1.mtx,128,DCSC-sampled,wall,symbolic,12,5.817473416666666,5.8087815,0.826839847017649
ecology1.mtx,128,DCSC-sampled,wall,symbolic_capacity,12,3.2291730833333334,3.211505,11.15948019092219
ecology1.mtx,128,DCSC-sampled,wall,total,12,53.3263165,53.287872,1.712446170283943
ecology1.mtx,128,DCSC-sampled,wall,validate,12,0.0007031666666666667,0.0006565,19.991438598244088
ecology1.mtx,128,DCSC-sampled,wall,work_bound,12,3.0071458333333334,3.003737,1.4840825854161186
ecology1.mtx,128,DCSC-static,wall,native_call_and_free,12,42.029761916666665,42.241243499999996,5.835888487308903
ecology1.mtx,128,DCSC-static,wall,total,12,42.030196,42.241710000000005,5.835927081143646
ecology1.mtx,128,Tuples-control,wall,native_call_and_free,12,59.7162415,59.795474,2.5239979752973323
ecology1.mtx,128,Tuples-control,wall,total,12,59.717274,59.796279999999996,2.523869477595098
ecology1.mtx,128,Tuples-profile,wall,lookup_build,12,0.0007339166666666667,0.0007015,29.01428906245783
ecology1.mtx,128,Tuples-profile,wall,numeric,12,17.199427916666664,17.170043999999997,0.8777899590715985
ecology1.mtx,128,Tuples-profile,wall,output_allocate,12,24.288468916666666,23.9737195,3.2069537225265083
ecology1.mtx,128,Tuples-profile,wall,output_free,12,0.000992,0.000992,27.15120301537488
ecology1.mtx,128,Tuples-profile,wall,prefix_numeric_capacity,12,2.323173666666667,2.0707319999999996,36.03106737553012
ecology1.mtx,128,Tuples-profile,wall,return_cleanup,12,0.00716525,0.0074295,26.723720833653967
ecology1.mtx,128,Tuples-profile,wall,scratch_setup,12,5.909701500000001,5.863076,12.138716998336971
ecology1.mtx,128,Tuples-profile,wall,symbolic,12,6.019424,6.0225015,0.7006693248640719
ecology1.mtx,128,Tuples-profile,wall,symbolic_capacity,12,3.8687448333333334,3.5356715,24.148729746781864
ecology1.mtx,128,Tuples-profile,wall,total,12,62.77771358333334,62.0198405,3.055045849419197
ecology1.mtx,128,Tuples-profile,wall,validate,12,0.0010726666666666666,0.001002,46.719367518818
ecology1.mtx,128,Tuples-profile,wall,work_bound,12,3.1587454166666666,3.1612085000000003,0.9745111857528509
