dataset,thread,wall_ms,cpu_ms,rows,nonzeros,wall_imbalance,cpu_imbalance,nonzero_imbalance
ER_V50000_D16,0,0.04997896030545235,0.051105999999911944,3125,49564,1.0585668222739222,1.0542680568936145,1.0083957930972371
ER_V50000_D16,1,0.0517525477334857,0.05284900000002146,3125,50172,1.0585668222739222,1.0542680568936145,1.0083957930972371
ER_V50000_D16,2,0.0522686168551445,0.05336499999997191,3125,50210,1.0585668222739222,1.0542680568936145,1.0083957930972371
ER_V50000_D16,3,0.05224859341979027,0.05335499999997717,3125,50385,1.0585668222739222,1.0542680568936145,1.0083957930972371
ER_V50000_D16,4,0.05129107739776373,0.05239349999999754,3125,50126,1.0585668222739222,1.0542680568936145,1.0083957930972371
ER_V50000_D16,5,0.05158642306923866,0.052709000000011885,3125,49765,1.0585668222739222,1.0542680568936145,1.0083957930972371
ER_V50000_D16,6,0.050835893489420414,0.05193749999998776,3125,50056,1.0585668222739222,1.0542680568936145,1.0083957930972371
ER_V50000_D16,7,0.05263905040919781,0.053735999999998674,3125,50183,1.0585668222739222,1.0542680568936145,1.0083957930972371
ER_V50000_D16,8,0.051312497816979885,0.05238800000001431,3125,50294,1.0585668222739222,1.0542680568936145,1.0083957930972371
ER_V50000_D16,9,0.05672697443515062,0.057854000000003014,3125,49899,1.0585668222739222,1.0542680568936145,1.0083957930972371
ER_V50000_D16,10,0.05076092202216387,0.05184200000001027,3125,49748,1.0585668222739222,1.0542680568936145,1.0083957930972371
ER_V50000_D16,11,0.05033495835959911,0.05142600000000719,3125,49608,1.0585668222739222,1.0542680568936145,1.0083957930972371
ER_V50000_D16,12,0.05164300091564655,0.05275400000000208,3125,49869,1.0585668222739222,1.0542680568936145,1.0083957930972371
ER_V50000_D16,13,0.050930422730743885,0.05206250000000523,3125,49494,1.0585668222739222,1.0542680568936145,1.0083957930972371
ER_V50000_D16,14,0.0504455529153347,0.05154699999999901,3125,49724,1.0585668222739222,1.0542680568936145,1.0083957930972371
ER_V50000_D16,15,0.051742419600486755,0.052844499999996075,3125,50351,1.0585668222739222,1.0542680568936145,1.0083957930972371
RMAT_S16_E16,0,0.536735518835485,0.5380140000004197,4096,552648,4.641756183195819,4.565373327983956,4.860911803575002
RMAT_S16_E16,1,0.18161197658628225,0.18428049999985596,4096,194468,4.641756183195819,4.565373327983956,4.860911803575002
RMAT_S16_E16,2,0.18245296087116003,0.18594400000004896,4096,195307,4.641756183195819,4.565373327983956,4.860911803575002
RMAT_S16_E16,3,0.06918050348758698,0.07247599999971044,4096,65956,4.641756183195819,4.565373327983956,4.860911803575002
RMAT_S16_E16,4,0.18408161122351885,0.1858685000000193,4096,194961,4.641756183195819,4.565373327983956,4.860911803575002
RMAT_S16_E16,5,0.0688845757395029,0.07070749999993353,4096,65856,4.641756183195819,4.565373327983956,4.860911803575002
RMAT_S16_E16,6,0.0638255150988698,0.06723100000005644,4096,65550,4.641756183195819,4.565373327983956,4.860911803575002
RMAT_S16_E16,7,0.02829346340149641,0.03067749999996483,4096,21369,4.641756183195819,4.565373327983956,4.860911803575002
RMAT_S16_E16,8,0.18376053776592016,0.18550750000001504,4096,194569,4.641756183195819,4.565373327983956,4.860911803575002
RMAT_S16_E16,9,0.070032081566751,0.07157899999998829,4096,65734,4.641756183195819,4.565373327983956,4.860911803575002
RMAT_S16_E16,10,0.06414658855646849,0.06740150000000833,4096,65633,4.641756183195819,4.565373327983956,4.860911803575002
RMAT_S16_E16,11,0.026629888452589512,0.029129500000002473,4096,21837,4.641756183195819,4.565373327983956,4.860911803575002
RMAT_S16_E16,12,0.06797700189054012,0.06983100000002018,4096,65693,4.641756183195819,4.565373327983956,4.860911803575002
RMAT_S16_E16,13,0.028203008696436882,0.03035699999992536,4096,21322,4.641756183195819,4.565373327983956,4.860911803575002
RMAT_S16_E16,14,0.027726986445486546,0.03015150000001965,4096,21353,4.641756183195819,4.565373327983956,4.860911803575002
RMAT_S16_E16,15,0.014057150110602379,0.01607500000005979,4096,6820,4.641756183195819,4.565373327983956,4.860911803575002
webbase-1M,0,0.7279064739122987,0.7291925000005861,62501,538305,2.7947781292418625,2.798380600580963,2.7733956392712886
webbase-1M,1,0.346352462656796,0.34796250000024287,62501,222631,2.7947781292418625,2.798380600580963,2.7733956392712886
webbase-1M,2,0.2452820772305131,0.24827049999998074,62501,167375,2.7947781292418625,2.798380600580963,2.7733956392712886
webbase-1M,3,0.2000265521928668,0.2030004999999946,62501,144110,2.7947781292418625,2.798380600580963,2.7733956392712886
webbase-1M,4,0.19914552103728056,0.20084699999989297,62501,152432,2.7947781292418625,2.798380600580963,2.7733956392712886
webbase-1M,5,0.22520951461046934,0.22685050000004203,62500,167104,2.7947781292418625,2.798380600580963,2.7733956392712886
webbase-1M,6,0.18113607075065374,0.18283799999996297,62500,139437,2.7947781292418625,2.798380600580963,2.7733956392712886
webbase-1M,7,0.16277155373245478,0.16504950000006957,62500,132399,2.7947781292418625,2.798380600580963,2.7733956392712886
webbase-1M,8,0.17314194701611996,0.17560399999999587,62500,151630,2.7947781292418625,2.798380600580963,2.7733956392712886
webbase-1M,9,0.45395002234727144,0.4561055000000258,62500,364074,2.7947781292418625,2.798380600580963,2.7733956392712886
webbase-1M,10,0.3174329176545143,0.3188729999999973,62500,227013,2.7947781292418625,2.798380600580963,2.7733956392712886
webbase-1M,11,0.19502209033817053,0.19761099999998644,62500,147040,2.7947781292418625,2.798380600580963,2.7733956392712886
webbase-1M,12,0.17571088392287493,0.17725250000000248,62500,138955,2.7947781292418625,2.798380600580963,2.7733956392712886
webbase-1M,13,0.18509908113628626,0.18658499999996137,62500,148379,2.7947781292418625,2.798380600580963,2.7733956392712886
webbase-1M,14,0.16406900249421597,0.16541549999993244,62500,135660,2.7947781292418625,2.798380600580963,2.7733956392712886
webbase-1M,15,0.1490653958171606,0.15082799999999175,62500,128992,2.7947781292418625,2.798380600580963,2.7733956392712886
